0,0,grrGrG,5.0
5,1,grrrrr,10.0
10,2,yrrrrr,13.0
15,3,rGGrGr,18.0
20,4,rGGrrr,23.0
25,5,ryyrrr,26.0
30,0,grrGrG,31.0
35,1,grrrrr,36.0
40,3,rGGrGr,44.0
45,4,rGGrrr,49.0
50,5,ryyrrr,52.0
55,0,grrGrG,57.0
60,1,grrrrr,62.0
65,3,rGGrGr,70.0
70,4,rGGrrr,75.0
75,5,ryyrrr,78.0
80,0,grrGrG,83.0
85,1,grrrrr,88.0
90,2,yrrrrr,91.0
95,3,rGGrGr,96.0
100,4,rGGrrr,101.0
105,0,grrGrG,109.0
110,1,grrrrr,114.0
115,2,yrrrrr,117.0
120,3,rGGrGr,122.0
125,4,rGGrrr,127.0
130,0,grrGrG,135.0
135,1,grrrrr,140.0
140,2,yrrrrr,143.0
145,3,rGGrGr,148.0
150,4,rGGrrr,153.0
155,5,ryyrrr,156.0
160,0,grrGrG,161.0
165,1,grrrrr,166.0
170,3,rGGrGr,174.0
175,4,rGGrrr,179.0
180,5,ryyrrr,182.0
185,0,grrGrG,187.0
190,1,grrrrr,192.0
195,3,rGGrGr,200.0
200,4,rGGrrr,205.0
205,5,ryyrrr,208.0
210,0,grrGrG,213.0
215,1,grrrrr,218.0
220,2,yrrrrr,221.0
225,3,rGGrGr,226.0
230,4,rGGrrr,231.0
235,0,grrGrG,239.0
240,1,grrrrr,244.0
245,2,yrrrrr,247.0
250,3,rGGrGr,252.0
255,4,rGGrrr,257.0
260,0,grrGrG,265.0
265,1,grrrrr,270.0
270,2,yrrrrr,273.0
275,3,rGGrGr,278.0
280,4,rGGrrr,283.0
285,5,ryyrrr,286.0
290,0,grrGrG,291.0
295,1,grrrrr,296.0
300,3,rGGrGr,304.0
305,4,rGGrrr,309.0
310,5,ryyrrr,312.0
315,0,grrGrG,317.0
320,1,grrrrr,322.0
325,3,rGGrGr,330.0
330,4,rGGrrr,335.0
335,5,ryyrrr,338.0
340,0,grrGrG,343.0
345,1,grrrrr,348.0
350,2,yrrrrr,351.0
355,3,rGGrGr,356.0
360,4,rGGrrr,361.0
365,0,grrGrG,369.0
370,1,grrrrr,374.0
375,2,yrrrrr,377.0
380,3,rGGrGr,382.0
385,4,rGGrrr,387.0
390,0,grrGrG,395.0
395,1,grrrrr,400.0
400,2,yrrrrr,403.0
405,3,rGGrGr,408.0
410,4,rGGrrr,413.0
415,5,ryyrrr,416.0
420,0,grrGrG,421.0
425,1,grrrrr,426.0
430,3,rGGrGr,434.0
435,4,rGGrrr,439.0
440,5,ryyrrr,442.0
445,0,grrGrG,447.0
450,1,grrrrr,452.0
455,3,rGGrGr,460.0
460,4,rGGrrr,465.0
465,5,ryyrrr,468.0
470,0,grrGrG,473.0
475,1,grrrrr,478.0
480,2,yrrrrr,481.0
485,3,rGGrGr,486.0
490,4,rGGrrr,491.0
495,0,grrGrG,499.0
500,0,grrGrG,501.0
505,1,grrrrr,507.0
510,3,rGGrGr,515.0
515,4,rGGrrr,520.0
520,5,ryyrrr,523.0
525,0,grrGrG,528.0
530,1,grrrrr,533.0
535,2,yrrrrr,536.0
540,3,rGGrGr,541.0
545,4,rGGrrr,546.0
550,0,grrGrG,554.0
555,1,grrrrr,559.0
560,2,yrrrrr,562.0
565,3,rGGrGr,567.0
570,4,rGGrrr,574.0
575,5,ryyrrr,577.0
580,0,grrGrG,582.0
585,1,grrrrr,587.0
590,3,rGGrGr,595.0
595,4,rGGrrr,600.0
600,5,ryyrrr,603.0
605,0,grrGrG,608.0
610,1,grrrrr,613.0
615,2,yrrrrr,616.0
620,3,rGGrGr,621.0
625,4,rGGrrr,626.0
630,0,grrGrG,634.0
635,1,grrrrr,639.0
640,2,yrrrrr,642.0
645,3,rGGrGr,647.0
650,4,rGGrrr,652.0
655,0,grrGrG,660.0
660,1,grrrrr,665.0
665,2,yrrrrr,668.0
670,3,rGGrGr,673.0
675,4,rGGrrr,678.0
680,5,ryyrrr,681.0
685,0,grrGrG,686.0
690,1,grrrrr,691.0
695,3,rGGrGr,699.0
700,4,rGGrrr,704.0
705,5,ryyrrr,707.0
710,0,grrGrG,712.0
715,1,grrrrr,717.0
720,3,rGGrGr,725.0
725,4,rGGrrr,730.0
730,5,ryyrrr,733.0
735,0,grrGrG,738.0
740,1,grrrrr,743.0
745,2,yrrrrr,746.0
750,3,rGGrGr,751.0
755,4,rGGrrr,756.0
760,0,grrGrG,764.0
765,1,grrrrr,770.0
770,2,yrrrrr,773.0
775,3,rGGrGr,778.0
780,4,rGGrrr,785.0
785,5,ryyrrr,788.0
790,0,grrGrG,793.0
795,1,grrrrr,798.0
800,2,yrrrrr,801.0
805,3,rGGrGr,806.0
810,4,rGGrrr,811.0
815,0,grrGrG,819.0
820,0,grrGrG,821.0
825,1,grrrrr,826.0
830,3,rGGrGr,834.0
835,4,rGGrrr,839.0
840,5,ryyrrr,842.0
845,0,grrGrG,847.0
850,1,grrrrr,852.0
855,3,rGGrGr,860.0
860,3,rGGrGr,861.0
865,4,rGGrrr,870.0
870,5,ryyrrr,873.0
875,0,grrGrG,878.0
880,1,grrrrr,883.0
885,2,yrrrrr,886.0
890,3,rGGrGr,891.0
895,4,rGGrrr,897.0
900,0,grrGrG,905.0
905,1,grrrrr,910.0
910,2,yrrrrr,913.0
915,3,rGGrGr,918.0
920,4,rGGrrr,923.0
925,5,ryyrrr,926.0
930,0,grrGrG,931.0
935,1,grrrrr,936.0
940,3,rGGrGr,944.0
945,3,rGGrGr,946.0
950,4,rGGrrr,953.0
955,5,ryyrrr,956.0
960,0,grrGrG,961.0
965,1,grrrrr,966.0
970,3,rGGrGr,974.0
975,4,rGGrrr,979.0
980,5,ryyrrr,982.0
985,0,grrGrG,987.0
990,1,grrrrr,992.0
995,3,rGGrGr,1000.0
1000,4,rGGrrr,1005.0
1005,5,ryyrrr,1008.0
1010,0,grrGrG,1013.0
1015,1,grrrrr,1018.0
1020,2,yrrrrr,1021.0
1025,3,rGGrGr,1026.0
1030,4,rGGrrr,1031.0
1035,0,grrGrG,1039.0
1040,1,grrrrr,1044.0
1045,2,yrrrrr,1047.0
1050,3,rGGrGr,1052.0
1055,4,rGGrrr,1058.0
1060,5,ryyrrr,1061.0
1065,0,grrGrG,1066.0
1070,1,grrrrr,1071.0
1075,3,rGGrGr,1079.0
1080,3,rGGrGr,1081.0
1085,4,rGGrrr,1089.0
1090,5,ryyrrr,1092.0
1095,0,grrGrG,1097.0
1100,1,grrrrr,1102.0
1105,3,rGGrGr,1110.0
1110,4,rGGrrr,1115.0
1115,5,ryyrrr,1118.0
1120,0,grrGrG,1123.0
1125,1,grrrrr,1128.0
1130,2,yrrrrr,1131.0
1135,3,rGGrGr,1136.0
1140,4,rGGrrr,1141.0
1145,0,grrGrG,1149.0
1150,1,grrrrr,1154.0
1155,2,yrrrrr,1157.0
1160,3,rGGrGr,1162.0
1165,4,rGGrrr,1167.0
1170,0,grrGrG,1175.0
1175,1,grrrrr,1180.0
1180,2,yrrrrr,1183.0
1185,3,rGGrGr,1188.0
1190,4,rGGrrr,1193.0
1195,5,ryyrrr,1196.0
1200,0,grrGrG,1201.0
1205,1,grrrrr,1206.0
1210,3,rGGrGr,1214.0
1215,4,rGGrrr,1219.0
1220,5,ryyrrr,1222.0
1225,0,grrGrG,1227.0
1230,1,grrrrr,1232.0
1235,3,rGGrGr,1240.0
1240,4,rGGrrr,1245.0
1245,5,ryyrrr,1248.0
1250,0,grrGrG,1253.0
1255,1,grrrrr,1258.0
1260,2,yrrrrr,1261.0
1265,3,rGGrGr,1266.0
1270,4,rGGrrr,1271.0
1275,0,grrGrG,1279.0
1280,1,grrrrr,1284.0
1285,2,yrrrrr,1287.0
1290,3,rGGrGr,1292.0
1295,3,rGGrGr,1296.0
1300,3,rGGrGr,1301.0
1305,4,rGGrrr,1306.0
1310,0,grrGrG,1314.0
1315,1,grrrrr,1319.0
1320,2,yrrrrr,1322.0
1325,3,rGGrGr,1327.0
1330,4,rGGrrr,1332.0
1335,0,grrGrG,1340.0
1340,1,grrrrr,1345.0
1345,2,yrrrrr,1348.0
1350,3,rGGrGr,1353.0
1355,4,rGGrrr,1358.0
1360,5,ryyrrr,1361.0
1365,0,grrGrG,1366.0
1370,1,grrrrr,1371.0
1375,3,rGGrGr,1379.0
1380,4,rGGrrr,1384.0
1385,5,ryyrrr,1387.0
1390,0,grrGrG,1392.0
1395,1,grrrrr,1397.0
1400,3,rGGrGr,1405.0
1405,3,rGGrGr,1407.0
1410,4,rGGrrr,1414.0
1415,5,ryyrrr,1417.0
1420,0,grrGrG,1422.0
1425,1,grrrrr,1427.0
1430,3,rGGrGr,1435.0
1435,3,rGGrGr,1437.0
1440,4,rGGrrr,1444.0
1445,5,ryyrrr,1447.0
1450,0,grrGrG,1452.0
1455,1,grrrrr,1457.0
1460,3,rGGrGr,1465.0
1465,4,rGGrrr,1470.0
1470,5,ryyrrr,1473.0
1475,0,grrGrG,1478.0
1480,1,grrrrr,1483.0
1485,2,yrrrrr,1486.0
1490,3,rGGrGr,1491.0
1495,4,rGGrrr,1499.0
1500,5,ryyrrr,1502.0
1505,0,grrGrG,1507.0
1510,1,grrrrr,1512.0
1515,3,rGGrGr,1520.0
1520,4,rGGrrr,1525.0
1525,5,ryyrrr,1528.0
1530,0,grrGrG,1533.0
1535,1,grrrrr,1538.0
1540,2,yrrrrr,1541.0
1545,3,rGGrGr,1546.0
1550,3,rGGrGr,1551.0
1555,3,rGGrGr,1557.0
1560,3,rGGrGr,1561.0
1565,4,rGGrrr,1568.0
1570,5,ryyrrr,1571.0
1575,0,grrGrG,1576.0
1580,1,grrrrr,1581.0
1585,3,rGGrGr,1589.0
1590,3,rGGrGr,1591.0
1595,4,rGGrrr,1600.0
1600,5,ryyrrr,1603.0
1605,0,grrGrG,1608.0
1610,1,grrrrr,1613.0
1615,2,yrrrrr,1616.0
1620,3,rGGrGr,1621.0
1625,4,rGGrrr,1626.0
1630,0,grrGrG,1634.0
1635,1,grrrrr,1639.0
1640,2,yrrrrr,1642.0
1645,3,rGGrGr,1647.0
1650,3,rGGrGr,1652.0
1655,4,rGGrrr,1659.0
1660,5,ryyrrr,1662.0
1665,0,grrGrG,1667.0
1670,1,grrrrr,1672.0
1675,3,rGGrGr,1680.0
1680,4,rGGrrr,1685.0
1685,5,ryyrrr,1688.0
1690,0,grrGrG,1693.0
1695,1,grrrrr,1698.0
1700,2,yrrrrr,1701.0
1705,3,rGGrGr,1706.0
1710,4,rGGrrr,1715.0
1715,5,ryyrrr,1718.0
1720,0,grrGrG,1723.0
1725,1,grrrrr,1728.0
1730,2,yrrrrr,1731.0
1735,3,rGGrGr,1736.0
1740,3,rGGrGr,1741.0
1745,4,rGGrrr,1747.0
1750,0,grrGrG,1755.0
1755,1,grrrrr,1760.0
1760,2,yrrrrr,1763.0
1765,3,rGGrGr,1768.0
1770,4,rGGrrr,1773.0
1775,5,ryyrrr,1776.0
1780,0,grrGrG,1781.0
1785,1,grrrrr,1786.0
1790,3,rGGrGr,1794.0
1795,4,rGGrrr,1799.0
1800,5,ryyrrr,1802.0
1805,0,grrGrG,1807.0
1810,1,grrrrr,1812.0
1815,3,rGGrGr,1820.0
1820,4,rGGrrr,1825.0
1825,5,ryyrrr,1828.0
1830,0,grrGrG,1833.0
1835,1,grrrrr,1838.0
1840,2,yrrrrr,1841.0
1845,3,rGGrGr,1846.0
1850,4,rGGrrr,1851.0
1855,0,grrGrG,1859.0
1860,1,grrrrr,1864.0
1865,2,yrrrrr,1867.0
1870,3,rGGrGr,1872.0
1875,3,rGGrGr,1876.0
1880,3,rGGrGr,1882.0
1885,3,rGGrGr,1886.0
1890,4,rGGrrr,1895.0
1895,5,ryyrrr,1898.0
1900,0,grrGrG,1903.0
1905,1,grrrrr,1908.0
1910,2,yrrrrr,1911.0
1915,3,rGGrGr,1916.0
1920,3,rGGrGr,1922.0
1925,3,rGGrGr,1927.0
1930,4,rGGrrr,1935.0
1935,5,ryyrrr,1938.0
1940,0,grrGrG,1943.0
1945,1,grrrrr,1948.0
1950,2,yrrrrr,1951.0
1955,3,rGGrGr,1956.0
1960,3,rGGrGr,1961.0
1965,4,rGGrrr,1966.0
1970,0,grrGrG,1974.0
1975,1,grrrrr,1979.0
1980,2,yrrrrr,1982.0
1985,3,rGGrGr,1987.0
1990,3,rGGrGr,1991.0
1995,4,rGGrrr,1996.0
2000,0,grrGrG,2004.0
2005,1,grrrrr,2009.0
2010,2,yrrrrr,2012.0
2015,3,rGGrGr,2017.0
2020,4,rGGrrr,2025.0
2025,5,ryyrrr,2028.0
2030,0,grrGrG,2033.0
2035,1,grrrrr,2038.0
2040,2,yrrrrr,2041.0
2045,3,rGGrGr,2046.0
2050,4,rGGrrr,2051.0
2055,0,grrGrG,2059.0
2060,0,grrGrG,2061.0
2065,1,grrrrr,2066.0
2070,3,rGGrGr,2074.0
2075,3,rGGrGr,2076.0
2080,3,rGGrGr,2081.0
2085,4,rGGrrr,2086.0
2090,0,grrGrG,2094.0
2095,1,grrrrr,2099.0
2100,2,yrrrrr,2102.0
2105,3,rGGrGr,2107.0
2110,4,rGGrrr,2115.0
2115,5,ryyrrr,2118.0
2120,0,grrGrG,2123.0
2125,1,grrrrr,2128.0
2130,2,yrrrrr,2131.0
2135,3,rGGrGr,2136.0
2140,3,rGGrGr,2141.0
2145,4,rGGrrr,2148.0
2150,5,ryyrrr,2151.0
2155,0,grrGrG,2156.0
2160,1,grrrrr,2161.0
2165,3,rGGrGr,2169.0
2170,3,rGGrGr,2171.0
2175,4,rGGrrr,2179.0
2180,5,ryyrrr,2182.0
2185,0,grrGrG,2187.0
2190,1,grrrrr,2192.0
2195,3,rGGrGr,2200.0
2200,3,rGGrGr,2202.0
2205,4,rGGrrr,2208.0
2210,5,ryyrrr,2211.0
2215,0,grrGrG,2216.0
2220,1,grrrrr,2221.0
2225,3,rGGrGr,2229.0
2230,3,rGGrGr,2232.0
2235,3,rGGrGr,2236.0
2240,3,rGGrGr,2241.0
2245,4,rGGrrr,2246.0
2250,0,grrGrG,2254.0
2255,1,grrrrr,2259.0
2260,2,yrrrrr,2262.0
2265,3,rGGrGr,2267.0
2270,4,rGGrrr,2272.0
2275,0,grrGrG,2280.0
2280,1,grrrrr,2285.0
2285,2,yrrrrr,2288.0
2290,3,rGGrGr,2293.0
2295,3,rGGrGr,2296.0
2300,4,rGGrrr,2302.0
2305,0,grrGrG,2310.0
2310,0,grrGrG,2311.0
2315,1,grrrrr,2316.0
2320,3,rGGrGr,2324.0
2325,3,rGGrGr,2326.0
2330,4,rGGrrr,2335.0
2335,5,ryyrrr,2338.0
2340,0,grrGrG,2343.0
2345,1,grrrrr,2348.0
2350,2,yrrrrr,2351.0
2355,3,rGGrGr,2356.0
2360,4,rGGrrr,2363.0
2365,5,ryyrrr,2366.0
2370,0,grrGrG,2371.0
2375,1,grrrrr,2376.0
2380,3,rGGrGr,2384.0
2385,3,rGGrGr,2386.0
2390,3,rGGrGr,2391.0
2395,4,rGGrrr,2396.0
2400,0,grrGrG,2404.0
2405,1,grrrrr,2409.0
2410,2,yrrrrr,2412.0
2415,3,rGGrGr,2417.0
2420,3,rGGrGr,2421.0
2425,3,rGGrGr,2427.0
2430,3,rGGrGr,2431.0
2435,4,rGGrrr,2439.0
2440,5,ryyrrr,2442.0
2445,0,grrGrG,2447.0
2450,1,grrrrr,2452.0
2455,3,rGGrGr,2460.0
2460,3,rGGrGr,2461.0
2465,4,rGGrrr,2470.0
2470,5,ryyrrr,2473.0
2475,0,grrGrG,2478.0
2480,1,grrrrr,2483.0
2485,2,yrrrrr,2486.0
2490,3,rGGrGr,2491.0
2495,3,rGGrGr,2497.0
2500,3,rGGrGr,2501.0
2505,3,rGGrGr,2507.0
2510,3,rGGrGr,2511.0
2515,4,rGGrrr,2516.0
2520,0,grrGrG,2524.0
2525,1,grrrrr,2529.0
2530,2,yrrrrr,2532.0
2535,3,rGGrGr,2537.0
2540,3,rGGrGr,2541.0
2545,3,rGGrGr,2546.0
2550,4,rGGrrr,2553.0
2555,5,ryyrrr,2556.0
2560,0,grrGrG,2561.0
2565,1,grrrrr,2566.0
2570,3,rGGrGr,2574.0
2575,3,rGGrGr,2576.0
2580,3,rGGrGr,2582.0
2585,3,rGGrGr,2586.0
2590,3,rGGrGr,2591.0
2595,4,rGGrrr,2597.0
2600,0,grrGrG,2605.0
2605,1,grrrrr,2610.0
2610,2,yrrrrr,2613.0
2615,3,rGGrGr,2618.0
2620,4,rGGrrr,2623.0
2625,5,ryyrrr,2626.0
2630,0,grrGrG,2631.0
2635,1,grrrrr,2636.0
2640,3,rGGrGr,2644.0
2645,3,rGGrGr,2646.0
2650,4,rGGrrr,2652.0
2655,0,grrGrG,2660.0
2660,1,grrrrr,2665.0
2665,2,yrrrrr,2668.0
2670,3,rGGrGr,2673.0
2675,4,rGGrrr,2678.0
2680,5,ryyrrr,2681.0
2685,0,grrGrG,2686.0
2690,1,grrrrr,2691.0
2695,3,rGGrGr,2699.0
2700,3,rGGrGr,2701.0
2705,4,rGGrrr,2708.0
2710,5,ryyrrr,2711.0
2715,0,grrGrG,2716.0
2720,1,grrrrr,2721.0
2725,3,rGGrGr,2729.0
2730,3,rGGrGr,2731.0
2735,3,rGGrGr,2737.0
2740,3,rGGrGr,2741.0
2745,4,rGGrrr,2750.0
2750,5,ryyrrr,2753.0
2755,0,grrGrG,2758.0
2760,1,grrrrr,2763.0
2765,2,yrrrrr,2766.0
2770,3,rGGrGr,2771.0
2775,4,rGGrrr,2779.0
2780,5,ryyrrr,2782.0
2785,0,grrGrG,2787.0
2790,1,grrrrr,2792.0
2795,3,rGGrGr,2800.0
2800,4,rGGrrr,2805.0
2805,5,ryyrrr,2808.0
2810,0,grrGrG,2813.0
2815,1,grrrrr,2818.0
2820,2,yrrrrr,2821.0
2825,3,rGGrGr,2826.0
2830,3,rGGrGr,2831.0
2835,3,rGGrGr,2836.0
2840,4,rGGrrr,2841.0
2845,0,grrGrG,2849.0
2850,1,grrrrr,2854.0
2855,2,yrrrrr,2857.0
2860,3,rGGrGr,2862.0
2865,3,rGGrGr,2866.0
2870,4,rGGrrr,2875.0
2875,5,ryyrrr,2878.0
2880,0,grrGrG,2883.0
2885,1,grrrrr,2888.0
2890,2,yrrrrr,2891.0
2895,3,rGGrGr,2896.0
2900,4,rGGrrr,2901.0
2905,0,grrGrG,2909.0
2910,1,grrrrr,2914.0
2915,2,yrrrrr,2917.0
2920,3,rGGrGr,2922.0
2925,4,rGGrrr,2927.0
2930,0,grrGrG,2935.0
2935,1,grrrrr,2940.0
2940,2,yrrrrr,2943.0
2945,3,rGGrGr,2948.0
2950,4,rGGrrr,2953.0
2955,5,ryyrrr,2956.0
2960,0,grrGrG,2961.0
2965,1,grrrrr,2966.0
2970,3,rGGrGr,2974.0
2975,3,rGGrGr,2976.0
2980,3,rGGrGr,2981.0
2985,4,rGGrrr,2986.0
2990,0,grrGrG,2994.0
2995,1,grrrrr,2999.0
3000,2,yrrrrr,3002.0
3005,3,rGGrGr,3007.0
3010,3,rGGrGr,3011.0
3015,4,rGGrrr,3016.0
3020,0,grrGrG,3024.0
3025,1,grrrrr,3029.0
3030,2,yrrrrr,3032.0
3035,3,rGGrGr,3037.0
3040,4,rGGrrr,3042.0
3045,0,grrGrG,3050.0
3050,1,grrrrr,3055.0
3055,2,yrrrrr,3058.0
3060,3,rGGrGr,3063.0
3065,4,rGGrrr,3068.0
3070,5,ryyrrr,3071.0
3075,0,grrGrG,3076.0
3080,1,grrrrr,3081.0
3085,3,rGGrGr,3089.0
3090,4,rGGrrr,3094.0
3095,5,ryyrrr,3097.0
3100,0,grrGrG,3102.0
3105,1,grrrrr,3107.0
3110,3,rGGrGr,3115.0
3115,3,rGGrGr,3117.0
3120,3,rGGrGr,3122.0
3125,3,rGGrGr,3126.0
3130,4,rGGrrr,3133.0
3135,5,ryyrrr,3136.0
3140,0,grrGrG,3141.0
3145,1,grrrrr,3146.0
3150,3,rGGrGr,3154.0
3155,3,rGGrGr,3156.0
3160,4,rGGrrr,3162.0
3165,0,grrGrG,3170.0
3170,1,grrrrr,3175.0
3175,2,yrrrrr,3178.0
3180,3,rGGrGr,3183.0
3185,4,rGGrrr,3188.0
3190,5,ryyrrr,3191.0
3195,0,grrGrG,3196.0
3200,1,grrrrr,3201.0
3205,3,rGGrGr,3209.0
3210,3,rGGrGr,3211.0
3215,3,rGGrGr,3217.0
3220,3,rGGrGr,3221.0
3225,3,rGGrGr,3226.0
3230,4,rGGrrr,3232.0
3235,0,grrGrG,3240.0
3240,1,grrrrr,3245.0
3245,2,yrrrrr,3248.0
3250,3,rGGrGr,3253.0
3255,4,rGGrrr,3258.0
3260,5,ryyrrr,3261.0
3265,0,grrGrG,3266.0
3270,1,grrrrr,3271.0
3275,3,rGGrGr,3279.0
3280,3,rGGrGr,3281.0
3285,4,rGGrrr,3286.0
3290,0,grrGrG,3294.0
3295,1,grrrrr,3299.0
3300,2,yrrrrr,3302.0
3305,3,rGGrGr,3307.0
3310,3,rGGrGr,3311.0
3315,3,rGGrGr,3316.0
3320,3,rGGrGr,3322.0
3325,3,rGGrGr,3326.0
3330,4,rGGrrr,3331.0
3335,0,grrGrG,3339.0
3340,1,grrrrr,3344.0
3345,2,yrrrrr,3347.0
3350,3,rGGrGr,3352.0
3355,4,rGGrrr,3357.0
3360,0,grrGrG,3365.0
3365,1,grrrrr,3370.0
3370,2,yrrrrr,3373.0
3375,3,rGGrGr,3378.0
3380,3,rGGrGr,3382.0
3385,4,rGGrrr,3390.0
3390,5,ryyrrr,3393.0
3395,0,grrGrG,3398.0
3400,1,grrrrr,3403.0
3405,2,yrrrrr,3406.0
3410,3,rGGrGr,3411.0
3415,4,rGGrrr,3416.0
3420,0,grrGrG,3424.0
3425,1,grrrrr,3429.0
3430,2,yrrrrr,3432.0
3435,3,rGGrGr,3437.0
3440,3,rGGrGr,3441.0
3445,3,rGGrGr,3447.0
3450,3,rGGrGr,3451.0
3455,3,rGGrGr,3456.0
3460,4,rGGrrr,3461.0
3465,0,grrGrG,3469.0
3470,1,grrrrr,3474.0
3475,2,yrrrrr,3477.0
3480,3,rGGrGr,3482.0
3485,4,rGGrrr,3487.0
3490,0,grrGrG,3495.0
3495,1,grrrrr,3500.0
3500,2,yrrrrr,3503.0
3505,3,rGGrGr,3508.0
3510,3,rGGrGr,3511.0
3515,4,rGGrrr,3520.0
3520,5,ryyrrr,3523.0
3525,0,grrGrG,3528.0
3530,1,grrrrr,3533.0
3535,2,yrrrrr,3536.0
3540,3,rGGrGr,3541.0
3545,3,rGGrGr,3547.0
3550,3,rGGrGr,3551.0
3555,3,rGGrGr,3557.0
3560,3,rGGrGr,3561.0
3565,4,rGGrrr,3567.0
3570,0,grrGrG,3575.0
3575,1,grrrrr,3580.0
3580,2,yrrrrr,3583.0
3585,3,rGGrGr,3588.0
3590,4,rGGrrr,3593.0
3595,5,ryyrrr,3596.0
3600,0,grrGrG,3601.0
3605,1,grrrrr,3606.0
3610,3,rGGrGr,3614.0
3615,3,rGGrGr,3616.0
3620,3,rGGrGr,3622.0
3625,3,rGGrGr,3626.0
3630,3,rGGrGr,3631.0
3635,4,rGGrrr,3637.0
3640,0,grrGrG,3645.0
3645,1,grrrrr,3650.0
3650,2,yrrrrr,3653.0
3655,3,rGGrGr,3658.0
3660,4,rGGrrr,3663.0
3665,5,ryyrrr,3666.0
3670,0,grrGrG,3671.0
3675,1,grrrrr,3676.0
3680,3,rGGrGr,3684.0
3685,3,rGGrGr,3687.0
3690,3,rGGrGr,3691.0
3695,3,rGGrGr,3697.0
3700,3,rGGrGr,3701.0
3705,3,rGGrGr,3707.0
3710,3,rGGrGr,3711.0
3715,3,rGGrGr,3717.0
3720,3,rGGrGr,3721.0
3725,3,rGGrGr,3726.0
3730,4,rGGrrr,3734.0
3735,5,ryyrrr,3737.0
3740,0,grrGrG,3742.0
3745,1,grrrrr,3747.0
3750,3,rGGrGr,3755.0
3755,3,rGGrGr,3757.0
3760,4,rGGrrr,3764.0
3765,5,ryyrrr,3767.0
3770,0,grrGrG,3772.0
3775,1,grrrrr,3777.0
3780,3,rGGrGr,3785.0
3785,3,rGGrGr,3787.0
3790,3,rGGrGr,3792.0
3795,3,rGGrGr,3797.0
3800,3,rGGrGr,3801.0
3805,4,rGGrrr,3807.0
3810,0,grrGrG,3815.0
3815,1,grrrrr,3820.0
3820,2,yrrrrr,3823.0
3825,3,rGGrGr,3828.0
3830,3,rGGrGr,3832.0
3835,3,rGGrGr,3836.0
3840,3,rGGrGr,3842.0
3845,4,rGGrrr,3848.0
3850,5,ryyrrr,3851.0
3855,0,grrGrG,3856.0
3860,1,grrrrr,3861.0
3865,3,rGGrGr,3869.0
3870,3,rGGrGr,3871.0
3875,4,rGGrrr,3877.0
3880,0,grrGrG,3885.0
3885,1,grrrrr,3890.0
3890,2,yrrrrr,3893.0
3895,3,rGGrGr,3898.0
3900,3,rGGrGr,3902.0
3905,3,rGGrGr,3906.0
3910,3,rGGrGr,3911.0
3915,4,rGGrrr,3916.0
3920,0,grrGrG,3924.0
3925,1,grrrrr,3929.0
3930,2,yrrrrr,3932.0
3935,3,rGGrGr,3937.0
3940,4,rGGrrr,3942.0
3945,0,grrGrG,3950.0
3950,1,grrrrr,3955.0
3955,2,yrrrrr,3958.0
3960,3,rGGrGr,3963.0
3965,4,rGGrrr,3968.0
3970,5,ryyrrr,3971.0
3975,0,grrGrG,3976.0
3980,1,grrrrr,3981.0
3985,3,rGGrGr,3989.0
3990,3,rGGrGr,3991.0
3995,3,rGGrGr,3997.0
4000,4,rGGrrr,4003.0
4005,5,ryyrrr,4006.0
4010,0,grrGrG,4011.0
4015,1,grrrrr,4016.0
4020,3,rGGrGr,4024.0
4025,4,rGGrrr,4029.0
4030,5,ryyrrr,4032.0
4035,0,grrGrG,4037.0
4040,0,grrGrG,4041.0
4045,1,grrrrr,4046.0
4050,3,rGGrGr,4054.0
4055,3,rGGrGr,4056.0
4060,4,rGGrrr,4063.0
4065,5,ryyrrr,4066.0
4070,0,grrGrG,4071.0
4075,1,grrrrr,4076.0
4080,3,rGGrGr,4084.0
4085,4,rGGrrr,4089.0
4090,5,ryyrrr,4092.0
4095,0,grrGrG,4097.0
4100,1,grrrrr,4102.0
4105,3,rGGrGr,4110.0
4110,4,rGGrrr,4115.0
4115,5,ryyrrr,4118.0
4120,0,grrGrG,4123.0
4125,1,grrrrr,4128.0
4130,2,yrrrrr,4131.0
4135,3,rGGrGr,4136.0
4140,3,rGGrGr,4141.0
4145,4,rGGrrr,4147.0
4150,0,grrGrG,4155.0
4155,1,grrrrr,4160.0
4160,2,yrrrrr,4163.0
4165,3,rGGrGr,4168.0
4170,4,rGGrrr,4173.0
4175,5,ryyrrr,4176.0
4180,0,grrGrG,4181.0
4185,1,grrrrr,4186.0
4190,3,rGGrGr,4194.0
4195,4,rGGrrr,4199.0
4200,5,ryyrrr,4202.0
4205,0,grrGrG,4207.0
4210,1,grrrrr,4212.0
4215,3,rGGrGr,4220.0
4220,4,rGGrrr,4225.0
4225,5,ryyrrr,4228.0
4230,0,grrGrG,4233.0
4235,1,grrrrr,4238.0
4240,2,yrrrrr,4241.0
4245,3,rGGrGr,4246.0
4250,3,rGGrGr,4252.0
4255,4,rGGrrr,4258.0
4260,5,ryyrrr,4261.0
4265,0,grrGrG,4266.0
4270,1,grrrrr,4271.0
4275,3,rGGrGr,4279.0
4280,4,rGGrrr,4284.0
4285,5,ryyrrr,4287.0
4290,0,grrGrG,4292.0
4295,1,grrrrr,4297.0
4300,3,rGGrGr,4305.0
4305,4,rGGrrr,4310.0
4310,5,ryyrrr,4313.0
4315,0,grrGrG,4318.0
4320,1,grrrrr,4323.0
4325,2,yrrrrr,4326.0
4330,3,rGGrGr,4331.0
4335,4,rGGrrr,4339.0
4340,5,ryyrrr,4342.0
4345,0,grrGrG,4347.0
4350,1,grrrrr,4352.0
4355,3,rGGrGr,4360.0
4360,4,rGGrrr,4365.0
4365,5,ryyrrr,4368.0
4370,0,grrGrG,4373.0
4375,1,grrrrr,4378.0
4380,2,yrrrrr,4381.0
4385,3,rGGrGr,4386.0
4390,4,rGGrrr,4391.0
4395,0,grrGrG,4399.0
4400,1,grrrrr,4404.0
4405,2,yrrrrr,4407.0
4410,3,rGGrGr,4412.0
4415,4,rGGrrr,4417.0
4420,0,grrGrG,4425.0
4425,1,grrrrr,4430.0
4430,2,yrrrrr,4433.0
4435,3,rGGrGr,4438.0
4440,4,rGGrrr,4443.0
4445,5,ryyrrr,4446.0
4450,0,grrGrG,4451.0
4455,1,grrrrr,4456.0
4460,3,rGGrGr,4464.0
4465,4,rGGrrr,4469.0
4470,5,ryyrrr,4472.0
4475,0,grrGrG,4477.0
4480,1,grrrrr,4482.0
4485,3,rGGrGr,4490.0
4490,4,rGGrrr,4495.0
4495,5,ryyrrr,4498.0
4500,0,grrGrG,4503.0
4505,0,grrGrG,4506.0
4510,1,grrrrr,4511.0
4515,3,rGGrGr,4519.0
4520,3,rGGrGr,4521.0
4525,4,rGGrrr,4528.0
4530,5,ryyrrr,4531.0
4535,0,grrGrG,4536.0
4540,1,grrrrr,4542.0
4545,3,rGGrGr,4550.0
4550,4,rGGrrr,4555.0
4555,5,ryyrrr,4558.0
4560,0,grrGrG,4563.0
4565,1,grrrrr,4568.0
4570,2,yrrrrr,4571.0
4575,3,rGGrGr,4576.0
4580,4,rGGrrr,4581.0
4585,0,grrGrG,4589.0
4590,1,grrrrr,4594.0
4595,2,yrrrrr,4597.0
4600,3,rGGrGr,4602.0
4605,4,rGGrrr,4607.0
4610,0,grrGrG,4615.0
4615,1,grrrrr,4620.0
4620,2,yrrrrr,4623.0
4625,3,rGGrGr,4628.0
4630,4,rGGrrr,4633.0
4635,5,ryyrrr,4636.0
4640,0,grrGrG,4641.0
4645,1,grrrrr,4646.0
4650,3,rGGrGr,4654.0
4655,3,rGGrGr,4656.0
4660,4,rGGrrr,4663.0
4665,5,ryyrrr,4666.0
4670,0,grrGrG,4671.0
4675,1,grrrrr,4676.0
4680,3,rGGrGr,4684.0
4685,4,rGGrrr,4689.0
4690,5,ryyrrr,4692.0
4695,0,grrGrG,4697.0
4700,1,grrrrr,4702.0
4705,3,rGGrGr,4710.0
4710,4,rGGrrr,4715.0
4715,5,ryyrrr,4718.0
4720,0,grrGrG,4723.0
4725,1,grrrrr,4728.0
4730,2,yrrrrr,4731.0
4735,3,rGGrGr,4736.0
4740,4,rGGrrr,4741.0
4745,0,grrGrG,4749.0
4750,1,grrrrr,4754.0
4755,2,yrrrrr,4757.0
4760,3,rGGrGr,4762.0
4765,4,rGGrrr,4767.0
4770,0,grrGrG,4775.0
4775,1,grrrrr,4780.0
4780,2,yrrrrr,4783.0
4785,3,rGGrGr,4788.0
4790,4,rGGrrr,4793.0
4795,5,ryyrrr,4796.0
4800,0,grrGrG,4801.0
4805,1,grrrrr,4806.0
4810,3,rGGrGr,4814.0
4815,4,rGGrrr,4819.0
4820,5,ryyrrr,4822.0
4825,0,grrGrG,4827.0
4830,1,grrrrr,4832.0
4835,3,rGGrGr,4840.0
4840,4,rGGrrr,4845.0
4845,5,ryyrrr,4848.0
4850,0,grrGrG,4853.0
4855,1,grrrrr,4858.0
4860,2,yrrrrr,4861.0
4865,3,rGGrGr,4866.0
4870,4,rGGrrr,4871.0
4875,0,grrGrG,4879.0
4880,1,grrrrr,4884.0
4885,2,yrrrrr,4887.0
4890,3,rGGrGr,4892.0
4895,4,rGGrrr,4897.0
4900,0,grrGrG,4905.0
4905,1,grrrrr,4910.0
4910,2,yrrrrr,4913.0
4915,3,rGGrGr,4918.0
4920,4,rGGrrr,4923.0
4925,5,ryyrrr,4926.0
4930,0,grrGrG,4931.0
4935,1,grrrrr,4936.0
4940,3,rGGrGr,4944.0
4945,4,rGGrrr,4949.0
4950,5,ryyrrr,4952.0
4955,0,grrGrG,4957.0
4960,1,grrrrr,4962.0
4965,3,rGGrGr,4970.0
4970,4,rGGrrr,4975.0
4975,5,ryyrrr,4978.0
4980,0,grrGrG,4983.0
4985,1,grrrrr,4988.0
4990,2,yrrrrr,4991.0
4995,3,rGGrGr,4996.0
5000,4,rGGrrr,5001.0
5005,0,grrGrG,5009.0
5010,1,grrrrr,5014.0
5015,2,yrrrrr,5017.0
5020,3,rGGrGr,5022.0
5025,4,rGGrrr,5027.0
5030,0,grrGrG,5035.0
5035,1,grrrrr,5040.0
5040,2,yrrrrr,5043.0
5045,3,rGGrGr,5048.0
5050,4,rGGrrr,5053.0
5055,5,ryyrrr,5056.0
5060,0,grrGrG,5061.0
5065,1,grrrrr,5066.0
5070,3,rGGrGr,5074.0
5075,4,rGGrrr,5079.0
5080,5,ryyrrr,5082.0
5085,0,grrGrG,5087.0
5090,1,grrrrr,5092.0
5095,3,rGGrGr,5100.0
5100,4,rGGrrr,5105.0
5105,5,ryyrrr,5108.0
5110,0,grrGrG,5113.0
5115,1,grrrrr,5118.0
5120,2,yrrrrr,5121.0
5125,3,rGGrGr,5126.0
5130,4,rGGrrr,5131.0
5135,0,grrGrG,5139.0
5140,1,grrrrr,5144.0
5145,2,yrrrrr,5147.0
5150,3,rGGrGr,5152.0
5155,4,rGGrrr,5157.0
5160,0,grrGrG,5165.0
5165,1,grrrrr,5170.0
5170,2,yrrrrr,5173.0
5175,3,rGGrGr,5178.0
5180,4,rGGrrr,5183.0
5185,5,ryyrrr,5186.0
5190,0,grrGrG,5191.0
5195,1,grrrrr,5196.0
5200,3,rGGrGr,5204.0
5205,4,rGGrrr,5209.0
5210,5,ryyrrr,5212.0
5215,0,grrGrG,5217.0
5220,1,grrrrr,5222.0
5225,3,rGGrGr,5230.0
5230,4,rGGrrr,5235.0
5235,5,ryyrrr,5238.0
5240,0,grrGrG,5243.0
5245,1,grrrrr,5248.0
5250,2,yrrrrr,5251.0
5255,3,rGGrGr,5256.0
5260,4,rGGrrr,5261.0
5265,0,grrGrG,5269.0
5270,1,grrrrr,5274.0
5275,2,yrrrrr,5277.0
5280,3,rGGrGr,5282.0
5285,4,rGGrrr,5287.0
5290,0,grrGrG,5295.0
5295,1,grrrrr,5300.0
5300,2,yrrrrr,5303.0
5305,3,rGGrGr,5308.0
5310,4,rGGrrr,5313.0
5315,5,ryyrrr,5316.0
5320,0,grrGrG,5321.0
5325,1,grrrrr,5326.0
5330,3,rGGrGr,5334.0
5335,4,rGGrrr,5339.0
5340,5,ryyrrr,5342.0
5345,0,grrGrG,5347.0
5350,1,grrrrr,5352.0
5355,3,rGGrGr,5360.0
5360,4,rGGrrr,5365.0
5365,5,ryyrrr,5368.0
5370,0,grrGrG,5373.0
5375,1,grrrrr,5378.0
5380,2,yrrrrr,5381.0
5385,3,rGGrGr,5386.0
5390,4,rGGrrr,5391.0
5395,0,grrGrG,5399.0
5400,1,grrrrr,5404.0
5405,2,yrrrrr,5407.0
5410,3,rGGrGr,5412.0
5415,4,rGGrrr,5417.0
5420,0,grrGrG,5425.0
5425,1,grrrrr,5430.0
5430,2,yrrrrr,5433.0
5435,3,rGGrGr,5438.0
5440,4,rGGrrr,5443.0
5445,5,ryyrrr,5446.0
5450,0,grrGrG,5451.0
5455,1,grrrrr,5456.0
5460,3,rGGrGr,5464.0
5465,4,rGGrrr,5469.0
5470,5,ryyrrr,5472.0
5475,0,grrGrG,5477.0
5480,1,grrrrr,5482.0
5485,3,rGGrGr,5490.0
5490,4,rGGrrr,5495.0
5495,5,ryyrrr,5498.0
5500,0,grrGrG,5503.0
5505,1,grrrrr,5508.0
5510,2,yrrrrr,5511.0
5515,3,rGGrGr,5516.0
5520,4,rGGrrr,5521.0
5525,0,grrGrG,5529.0
5530,1,grrrrr,5534.0
5535,2,yrrrrr,5537.0
5540,3,rGGrGr,5542.0
5545,4,rGGrrr,5547.0
5550,0,grrGrG,5555.0
5555,1,grrrrr,5560.0
5560,2,yrrrrr,5563.0
5565,3,rGGrGr,5568.0
5570,4,rGGrrr,5573.0
5575,5,ryyrrr,5576.0
5580,0,grrGrG,5581.0
5585,1,grrrrr,5586.0
5590,3,rGGrGr,5594.0
5595,4,rGGrrr,5599.0
5600,5,ryyrrr,5602.0
5605,0,grrGrG,5607.0
5610,1,grrrrr,5612.0
5615,3,rGGrGr,5620.0
5620,4,rGGrrr,5625.0
5625,5,ryyrrr,5628.0
5630,0,grrGrG,5633.0
5635,1,grrrrr,5638.0
5640,2,yrrrrr,5641.0
5645,3,rGGrGr,5646.0
5650,4,rGGrrr,5651.0
5655,0,grrGrG,5659.0
5660,1,grrrrr,5664.0
5665,2,yrrrrr,5667.0
5670,3,rGGrGr,5672.0
5675,4,rGGrrr,5677.0
5680,0,grrGrG,5685.0
5685,1,grrrrr,5690.0
5690,2,yrrrrr,5693.0
5695,3,rGGrGr,5698.0
5700,4,rGGrrr,5703.0
5705,5,ryyrrr,5706.0
5710,0,grrGrG,5711.0
5715,1,grrrrr,5716.0
5720,3,rGGrGr,5724.0
5725,4,rGGrrr,5729.0
5730,5,ryyrrr,5732.0
5735,0,grrGrG,5737.0
5740,1,grrrrr,5742.0
5745,3,rGGrGr,5750.0
5750,4,rGGrrr,5755.0
5755,5,ryyrrr,5758.0
5760,0,grrGrG,5763.0
5765,1,grrrrr,5768.0
5770,2,yrrrrr,5771.0
5775,3,rGGrGr,5776.0
5780,4,rGGrrr,5781.0
5785,0,grrGrG,5789.0
5790,1,grrrrr,5794.0
5795,2,yrrrrr,5797.0
5800,3,rGGrGr,5802.0
5805,4,rGGrrr,5807.0
5810,0,grrGrG,5815.0
5815,1,grrrrr,5820.0
5820,2,yrrrrr,5823.0
5825,3,rGGrGr,5828.0
5830,4,rGGrrr,5833.0
5835,5,ryyrrr,5836.0
5840,0,grrGrG,5841.0
5845,1,grrrrr,5846.0
5850,3,rGGrGr,5854.0
5855,4,rGGrrr,5859.0
5860,5,ryyrrr,5862.0
5865,0,grrGrG,5867.0
5870,1,grrrrr,5872.0
5875,3,rGGrGr,5880.0
5880,4,rGGrrr,5885.0
5885,5,ryyrrr,5888.0
5890,0,grrGrG,5893.0
5895,1,grrrrr,5898.0
5900,2,yrrrrr,5901.0
5905,3,rGGrGr,5906.0
5910,4,rGGrrr,5911.0
5915,0,grrGrG,5919.0
5920,1,grrrrr,5924.0
5925,2,yrrrrr,5927.0
5930,3,rGGrGr,5932.0
5935,4,rGGrrr,5937.0
5940,0,grrGrG,5945.0
5945,1,grrrrr,5950.0
5950,2,yrrrrr,5953.0
5955,3,rGGrGr,5958.0
5960,4,rGGrrr,5963.0
5965,5,ryyrrr,5966.0
5970,0,grrGrG,5971.0
5975,1,grrrrr,5976.0
5980,3,rGGrGr,5984.0
5985,4,rGGrrr,5989.0
5990,5,ryyrrr,5992.0
5995,0,grrGrG,5997.0
6000,1,grrrrr,6002.0
6005,3,rGGrGr,6010.0
6010,4,rGGrrr,6015.0
6015,5,ryyrrr,6018.0
6020,0,grrGrG,6023.0
6025,1,grrrrr,6028.0
6030,2,yrrrrr,6031.0
6035,3,rGGrGr,6036.0
6040,4,rGGrrr,6041.0
6045,0,grrGrG,6049.0
6050,1,grrrrr,6054.0
6055,2,yrrrrr,6057.0
6060,3,rGGrGr,6062.0
6065,4,rGGrrr,6067.0
6070,0,grrGrG,6075.0
6075,1,grrrrr,6080.0
6080,2,yrrrrr,6083.0
6085,3,rGGrGr,6088.0
6090,4,rGGrrr,6093.0
6095,5,ryyrrr,6096.0
6100,0,grrGrG,6101.0
6105,1,grrrrr,6106.0
6110,3,rGGrGr,6114.0
6115,4,rGGrrr,6119.0
6120,5,ryyrrr,6122.0
6125,0,grrGrG,6127.0
6130,1,grrrrr,6132.0
6135,3,rGGrGr,6140.0
6140,4,rGGrrr,6145.0
6145,5,ryyrrr,6148.0
6150,0,grrGrG,6153.0
6155,1,grrrrr,6158.0
6160,2,yrrrrr,6161.0
6165,3,rGGrGr,6166.0
6170,4,rGGrrr,6171.0
6175,0,grrGrG,6179.0
6180,1,grrrrr,6184.0
6185,2,yrrrrr,6187.0
6190,3,rGGrGr,6192.0
6195,4,rGGrrr,6197.0
6200,0,grrGrG,6205.0
6205,1,grrrrr,6210.0
6210,2,yrrrrr,6213.0
6215,3,rGGrGr,6218.0
6220,4,rGGrrr,6223.0
6225,5,ryyrrr,6226.0
6230,0,grrGrG,6231.0
6235,1,grrrrr,6236.0
6240,3,rGGrGr,6244.0
6245,4,rGGrrr,6249.0
6250,5,ryyrrr,6252.0
6255,0,grrGrG,6257.0
6260,1,grrrrr,6262.0
6265,3,rGGrGr,6270.0
6270,4,rGGrrr,6275.0
6275,5,ryyrrr,6278.0
6280,0,grrGrG,6283.0
6285,1,grrrrr,6288.0
6290,2,yrrrrr,6291.0
6295,3,rGGrGr,6296.0
6300,4,rGGrrr,6301.0
6305,0,grrGrG,6309.0
6310,1,grrrrr,6314.0
6315,2,yrrrrr,6317.0
6320,3,rGGrGr,6322.0
6325,4,rGGrrr,6327.0
6330,0,grrGrG,6335.0
6335,1,grrrrr,6340.0
6340,2,yrrrrr,6343.0
6345,3,rGGrGr,6348.0
6350,4,rGGrrr,6353.0
6355,5,ryyrrr,6356.0
6360,0,grrGrG,6361.0
6365,1,grrrrr,6366.0
6370,3,rGGrGr,6374.0
6375,4,rGGrrr,6379.0
6380,5,ryyrrr,6382.0
6385,0,grrGrG,6387.0
6390,1,grrrrr,6392.0
6395,3,rGGrGr,6400.0
6400,4,rGGrrr,6405.0
6405,5,ryyrrr,6408.0
6410,0,grrGrG,6413.0
6415,1,grrrrr,6418.0
6420,2,yrrrrr,6421.0
6425,3,rGGrGr,6426.0
6430,4,rGGrrr,6431.0
6435,0,grrGrG,6439.0
6440,1,grrrrr,6444.0
6445,2,yrrrrr,6447.0
6450,3,rGGrGr,6452.0
6455,4,rGGrrr,6457.0
6460,0,grrGrG,6465.0
6465,1,grrrrr,6470.0
6470,2,yrrrrr,6473.0
6475,3,rGGrGr,6478.0
6480,4,rGGrrr,6483.0
6485,5,ryyrrr,6486.0
6490,0,grrGrG,6491.0
6495,1,grrrrr,6496.0
6500,3,rGGrGr,6504.0
6505,4,rGGrrr,6509.0
6510,5,ryyrrr,6512.0
6515,0,grrGrG,6517.0
6520,1,grrrrr,6522.0
6525,3,rGGrGr,6530.0
6530,4,rGGrrr,6535.0
6535,5,ryyrrr,6538.0
6540,0,grrGrG,6543.0
6545,1,grrrrr,6548.0
6550,2,yrrrrr,6551.0
6555,3,rGGrGr,6556.0
6560,4,rGGrrr,6561.0
6565,0,grrGrG,6569.0
6570,1,grrrrr,6574.0
6575,2,yrrrrr,6577.0
6580,3,rGGrGr,6582.0
6585,4,rGGrrr,6587.0
6590,0,grrGrG,6595.0
6595,1,grrrrr,6600.0
6600,2,yrrrrr,6603.0
6605,3,rGGrGr,6608.0
6610,4,rGGrrr,6613.0
6615,5,ryyrrr,6616.0
6620,0,grrGrG,6621.0
6625,1,grrrrr,6626.0
6630,3,rGGrGr,6634.0
6635,4,rGGrrr,6639.0
6640,5,ryyrrr,6642.0
6645,0,grrGrG,6647.0
6650,1,grrrrr,6652.0
6655,3,rGGrGr,6660.0
6660,4,rGGrrr,6665.0
6665,5,ryyrrr,6668.0
6670,0,grrGrG,6673.0
6675,1,grrrrr,6678.0
6680,2,yrrrrr,6681.0
6685,3,rGGrGr,6686.0
6690,4,rGGrrr,6691.0
6695,0,grrGrG,6699.0
6700,1,grrrrr,6704.0
6705,2,yrrrrr,6707.0
6710,3,rGGrGr,6712.0
6715,4,rGGrrr,6717.0
6720,0,grrGrG,6725.0
6725,1,grrrrr,6730.0
6730,2,yrrrrr,6733.0
6735,3,rGGrGr,6738.0
6740,4,rGGrrr,6743.0
6745,5,ryyrrr,6746.0
6750,0,grrGrG,6751.0
6755,1,grrrrr,6756.0
6760,3,rGGrGr,6764.0
6765,4,rGGrrr,6769.0
6770,5,ryyrrr,6772.0
6775,0,grrGrG,6777.0
6780,1,grrrrr,6782.0
6785,3,rGGrGr,6790.0
6790,4,rGGrrr,6795.0
6795,5,ryyrrr,6798.0
6800,0,grrGrG,6803.0
6805,1,grrrrr,6808.0
6810,2,yrrrrr,6811.0
6815,3,rGGrGr,6816.0
6820,4,rGGrrr,6821.0
6825,0,grrGrG,6829.0
6830,1,grrrrr,6834.0
6835,2,yrrrrr,6837.0
6840,3,rGGrGr,6842.0
6845,4,rGGrrr,6847.0
6850,0,grrGrG,6855.0
6855,1,grrrrr,6860.0
6860,2,yrrrrr,6863.0
6865,3,rGGrGr,6868.0
6870,4,rGGrrr,6873.0
6875,5,ryyrrr,6876.0
6880,0,grrGrG,6881.0
6885,1,grrrrr,6886.0
6890,3,rGGrGr,6894.0
6895,4,rGGrrr,6899.0
6900,5,ryyrrr,6902.0
6905,0,grrGrG,6907.0
6910,1,grrrrr,6912.0
6915,3,rGGrGr,6920.0
6920,4,rGGrrr,6925.0
6925,5,ryyrrr,6928.0
6930,0,grrGrG,6933.0
6935,1,grrrrr,6938.0
6940,2,yrrrrr,6941.0
6945,3,rGGrGr,6946.0
6950,4,rGGrrr,6951.0
6955,0,grrGrG,6959.0
6960,1,grrrrr,6964.0
6965,2,yrrrrr,6967.0
6970,3,rGGrGr,6972.0
6975,4,rGGrrr,6977.0
6980,0,grrGrG,6985.0
6985,1,grrrrr,6990.0
6990,2,yrrrrr,6993.0
6995,3,rGGrGr,6998.0
7000,4,rGGrrr,7003.0
7005,5,ryyrrr,7006.0
7010,0,grrGrG,7011.0
7015,1,grrrrr,7016.0
7020,3,rGGrGr,7024.0
7025,4,rGGrrr,7029.0
7030,5,ryyrrr,7032.0
7035,0,grrGrG,7037.0
7040,1,grrrrr,7042.0
7045,3,rGGrGr,7050.0
7050,4,rGGrrr,7055.0
7055,5,ryyrrr,7058.0
7060,0,grrGrG,7063.0
7065,1,grrrrr,7068.0
7070,2,yrrrrr,7071.0
7075,3,rGGrGr,7076.0
7080,4,rGGrrr,7081.0
7085,0,grrGrG,7089.0
7090,1,grrrrr,7094.0
7095,2,yrrrrr,7097.0
7100,3,rGGrGr,7102.0
7105,4,rGGrrr,7107.0
7110,0,grrGrG,7115.0
7115,1,grrrrr,7120.0
7120,2,yrrrrr,7123.0
7125,3,rGGrGr,7128.0
7130,4,rGGrrr,7133.0
7135,5,ryyrrr,7136.0
7140,0,grrGrG,7141.0
7145,1,grrrrr,7146.0
7150,3,rGGrGr,7154.0
7155,4,rGGrrr,7159.0
7160,5,ryyrrr,7162.0
7165,0,grrGrG,7167.0
7170,1,grrrrr,7172.0
7175,3,rGGrGr,7180.0
7180,4,rGGrrr,7185.0
7185,5,ryyrrr,7188.0
7190,0,grrGrG,7193.0
7195,1,grrrrr,7198.0
7200,2,yrrrrr,7201.0
7205,3,rGGrGr,7206.0
7210,4,rGGrrr,7211.0
7215,0,grrGrG,7219.0
7220,1,grrrrr,7224.0
7225,2,yrrrrr,7227.0
7230,3,rGGrGr,7232.0
7235,4,rGGrrr,7237.0
7240,0,grrGrG,7245.0
7245,1,grrrrr,7250.0
7250,2,yrrrrr,7253.0
7255,3,rGGrGr,7258.0
7260,4,rGGrrr,7263.0
7265,5,ryyrrr,7266.0
7270,0,grrGrG,7271.0
7275,1,grrrrr,7276.0
7280,3,rGGrGr,7284.0
7285,4,rGGrrr,7289.0
7290,5,ryyrrr,7292.0
7295,0,grrGrG,7297.0
7300,1,grrrrr,7302.0
7305,3,rGGrGr,7310.0
7310,4,rGGrrr,7315.0
7315,5,ryyrrr,7318.0
7320,0,grrGrG,7323.0
7325,1,grrrrr,7328.0
7330,2,yrrrrr,7331.0
7335,3,rGGrGr,7336.0
7340,4,rGGrrr,7341.0
7345,0,grrGrG,7349.0
7350,1,grrrrr,7354.0
7355,2,yrrrrr,7357.0
7360,3,rGGrGr,7362.0
7365,4,rGGrrr,7367.0
7370,0,grrGrG,7375.0
7375,1,grrrrr,7380.0
7380,2,yrrrrr,7383.0
7385,3,rGGrGr,7388.0
7390,4,rGGrrr,7393.0
7395,5,ryyrrr,7396.0
7400,0,grrGrG,7401.0
7405,1,grrrrr,7406.0
7410,3,rGGrGr,7414.0
7415,4,rGGrrr,7419.0
7420,5,ryyrrr,7422.0
7425,0,grrGrG,7427.0
7430,1,grrrrr,7432.0
7435,3,rGGrGr,7440.0
7440,4,rGGrrr,7445.0
7445,5,ryyrrr,7448.0
7450,0,grrGrG,7453.0
7455,1,grrrrr,7458.0
7460,2,yrrrrr,7461.0
7465,3,rGGrGr,7466.0
7470,4,rGGrrr,7471.0
7475,0,grrGrG,7479.0
7480,1,grrrrr,7484.0
7485,2,yrrrrr,7487.0
7490,3,rGGrGr,7492.0
7495,4,rGGrrr,7497.0
7500,0,grrGrG,7505.0
7505,1,grrrrr,7510.0
7510,2,yrrrrr,7513.0
7515,3,rGGrGr,7518.0
7520,4,rGGrrr,7523.0
7525,5,ryyrrr,7526.0
7530,0,grrGrG,7531.0
7535,1,grrrrr,7536.0
7540,3,rGGrGr,7544.0
7545,4,rGGrrr,7549.0
7550,5,ryyrrr,7552.0
7555,0,grrGrG,7557.0
7560,1,grrrrr,7562.0
7565,3,rGGrGr,7570.0
7570,4,rGGrrr,7575.0
7575,5,ryyrrr,7578.0
7580,0,grrGrG,7583.0
7585,1,grrrrr,7588.0
7590,2,yrrrrr,7591.0
7595,3,rGGrGr,7596.0
7600,4,rGGrrr,7601.0
7605,0,grrGrG,7609.0
7610,1,grrrrr,7614.0
7615,2,yrrrrr,7617.0
7620,3,rGGrGr,7622.0
7625,4,rGGrrr,7627.0
7630,0,grrGrG,7635.0
7635,1,grrrrr,7640.0
7640,2,yrrrrr,7643.0
7645,3,rGGrGr,7648.0
7650,4,rGGrrr,7653.0
7655,5,ryyrrr,7656.0
7660,0,grrGrG,7661.0
7665,1,grrrrr,7666.0
7670,3,rGGrGr,7674.0
7675,4,rGGrrr,7679.0
7680,5,ryyrrr,7682.0
7685,0,grrGrG,7687.0
7690,1,grrrrr,7692.0
7695,3,rGGrGr,7700.0
7700,4,rGGrrr,7705.0
7705,5,ryyrrr,7708.0
7710,0,grrGrG,7713.0
7715,1,grrrrr,7718.0
7720,2,yrrrrr,7721.0
7725,3,rGGrGr,7726.0
7730,4,rGGrrr,7731.0
7735,0,grrGrG,7739.0
7740,1,grrrrr,7744.0
7745,2,yrrrrr,7747.0
7750,3,rGGrGr,7752.0
7755,4,rGGrrr,7757.0
7760,0,grrGrG,7765.0
7765,1,grrrrr,7770.0
7770,2,yrrrrr,7773.0
7775,3,rGGrGr,7778.0
7780,4,rGGrrr,7783.0
7785,5,ryyrrr,7786.0
7790,0,grrGrG,7791.0
7795,1,grrrrr,7796.0
7800,3,rGGrGr,7804.0
7805,4,rGGrrr,7809.0
7810,5,ryyrrr,7812.0
7815,0,grrGrG,7817.0
7820,1,grrrrr,7822.0
7825,3,rGGrGr,7830.0
7830,4,rGGrrr,7835.0
7835,5,ryyrrr,7838.0
7840,0,grrGrG,7843.0
7845,1,grrrrr,7848.0
7850,2,yrrrrr,7851.0
7855,3,rGGrGr,7856.0
7860,4,rGGrrr,7861.0
7865,0,grrGrG,7869.0
7870,1,grrrrr,7874.0
7875,2,yrrrrr,7877.0
7880,3,rGGrGr,7882.0
7885,4,rGGrrr,7887.0
7890,0,grrGrG,7895.0
7895,1,grrrrr,7900.0
7900,2,yrrrrr,7903.0
7905,3,rGGrGr,7908.0
7910,4,rGGrrr,7913.0
7915,5,ryyrrr,7916.0
7920,0,grrGrG,7921.0
7925,1,grrrrr,7926.0
7930,3,rGGrGr,7934.0
7935,4,rGGrrr,7939.0
7940,5,ryyrrr,7942.0
7945,0,grrGrG,7947.0
7950,1,grrrrr,7952.0
7955,3,rGGrGr,7960.0
7960,4,rGGrrr,7965.0
7965,5,ryyrrr,7968.0
7970,0,grrGrG,7973.0
7975,1,grrrrr,7978.0
7980,2,yrrrrr,7981.0
7985,3,rGGrGr,7986.0
7990,4,rGGrrr,7991.0
7995,0,grrGrG,7999.0
8000,1,grrrrr,8004.0
8005,2,yrrrrr,8007.0
8010,3,rGGrGr,8012.0
8015,4,rGGrrr,8017.0
8020,0,grrGrG,8025.0
8025,1,grrrrr,8030.0
8030,2,yrrrrr,8033.0
8035,3,rGGrGr,8038.0
8040,4,rGGrrr,8043.0
8045,5,ryyrrr,8046.0
8050,0,grrGrG,8051.0
8055,1,grrrrr,8056.0
8060,3,rGGrGr,8064.0
8065,4,rGGrrr,8069.0
8070,5,ryyrrr,8072.0
8075,0,grrGrG,8077.0
8080,1,grrrrr,8082.0
8085,3,rGGrGr,8090.0
8090,4,rGGrrr,8095.0
8095,5,ryyrrr,8098.0
8100,0,grrGrG,8103.0
8105,1,grrrrr,8108.0
8110,2,yrrrrr,8111.0
8115,3,rGGrGr,8116.0
8120,4,rGGrrr,8121.0
8125,0,grrGrG,8129.0
8130,1,grrrrr,8134.0
8135,2,yrrrrr,8137.0
8140,3,rGGrGr,8142.0
8145,4,rGGrrr,8147.0
8150,0,grrGrG,8155.0
8155,1,grrrrr,8160.0
8160,2,yrrrrr,8163.0
8165,3,rGGrGr,8168.0
8170,4,rGGrrr,8173.0
8175,5,ryyrrr,8176.0
8180,0,grrGrG,8181.0
8185,1,grrrrr,8186.0
8190,3,rGGrGr,8194.0
8195,4,rGGrrr,8199.0
8200,5,ryyrrr,8202.0
8205,0,grrGrG,8207.0
8210,1,grrrrr,8212.0
8215,3,rGGrGr,8220.0
8220,4,rGGrrr,8225.0
8225,5,ryyrrr,8228.0
8230,0,grrGrG,8233.0
8235,1,grrrrr,8238.0
8240,2,yrrrrr,8241.0
8245,3,rGGrGr,8246.0
8250,4,rGGrrr,8251.0
8255,0,grrGrG,8259.0
8260,1,grrrrr,8264.0
8265,2,yrrrrr,8267.0
8270,3,rGGrGr,8272.0
8275,4,rGGrrr,8277.0
8280,0,grrGrG,8285.0
8285,1,grrrrr,8290.0
8290,2,yrrrrr,8293.0
8295,3,rGGrGr,8298.0
8300,4,rGGrrr,8303.0
8305,5,ryyrrr,8306.0
8310,0,grrGrG,8311.0
8315,1,grrrrr,8316.0
8320,3,rGGrGr,8324.0
8325,4,rGGrrr,8329.0
8330,5,ryyrrr,8332.0
8335,0,grrGrG,8337.0
8340,1,grrrrr,8342.0
8345,3,rGGrGr,8350.0
8350,4,rGGrrr,8355.0
8355,5,ryyrrr,8358.0
8360,0,grrGrG,8363.0
8365,1,grrrrr,8368.0
8370,2,yrrrrr,8371.0
8375,3,rGGrGr,8376.0
8380,4,rGGrrr,8381.0
8385,0,grrGrG,8389.0
8390,1,grrrrr,8394.0
8395,2,yrrrrr,8397.0
8400,3,rGGrGr,8402.0
8405,4,rGGrrr,8407.0
8410,0,grrGrG,8415.0
8415,1,grrrrr,8420.0
8420,2,yrrrrr,8423.0
8425,3,rGGrGr,8428.0
8430,4,rGGrrr,8433.0
8435,5,ryyrrr,8436.0
8440,0,grrGrG,8441.0
8445,1,grrrrr,8446.0
8450,3,rGGrGr,8454.0
8455,4,rGGrrr,8459.0
8460,5,ryyrrr,8462.0
8465,0,grrGrG,8467.0
8470,1,grrrrr,8472.0
8475,3,rGGrGr,8480.0
8480,4,rGGrrr,8485.0
8485,5,ryyrrr,8488.0
8490,0,grrGrG,8493.0
8495,1,grrrrr,8498.0
8500,2,yrrrrr,8501.0
8505,3,rGGrGr,8506.0
8510,4,rGGrrr,8511.0
8515,0,grrGrG,8519.0
8520,1,grrrrr,8524.0
8525,2,yrrrrr,8527.0
8530,3,rGGrGr,8532.0
8535,4,rGGrrr,8537.0
8540,0,grrGrG,8545.0
8545,1,grrrrr,8550.0
8550,2,yrrrrr,8553.0
8555,3,rGGrGr,8558.0
8560,4,rGGrrr,8563.0
8565,5,ryyrrr,8566.0
8570,0,grrGrG,8571.0
8575,1,grrrrr,8576.0
8580,3,rGGrGr,8584.0
8585,4,rGGrrr,8589.0
8590,5,ryyrrr,8592.0
8595,0,grrGrG,8597.0
8600,1,grrrrr,8602.0
8605,3,rGGrGr,8610.0
8610,4,rGGrrr,8615.0
8615,5,ryyrrr,8618.0
8620,0,grrGrG,8623.0
8625,1,grrrrr,8628.0
8630,2,yrrrrr,8631.0
8635,3,rGGrGr,8636.0
8640,4,rGGrrr,8641.0
8645,0,grrGrG,8649.0
8650,1,grrrrr,8654.0
8655,2,yrrrrr,8657.0
8660,3,rGGrGr,8662.0
8665,4,rGGrrr,8667.0
8670,0,grrGrG,8675.0
8675,1,grrrrr,8680.0
8680,2,yrrrrr,8683.0
8685,3,rGGrGr,8688.0
8690,4,rGGrrr,8693.0
8695,5,ryyrrr,8696.0
8700,0,grrGrG,8701.0
8705,1,grrrrr,8706.0
8710,3,rGGrGr,8714.0
8715,4,rGGrrr,8719.0
8720,5,ryyrrr,8722.0
8725,0,grrGrG,8727.0
8730,1,grrrrr,8732.0
8735,3,rGGrGr,8740.0
8740,4,rGGrrr,8745.0
8745,5,ryyrrr,8748.0
8750,0,grrGrG,8753.0
8755,1,grrrrr,8758.0
8760,2,yrrrrr,8761.0
8765,3,rGGrGr,8766.0
8770,4,rGGrrr,8771.0
8775,0,grrGrG,8779.0
8780,1,grrrrr,8784.0
8785,2,yrrrrr,8787.0
8790,3,rGGrGr,8792.0
8795,4,rGGrrr,8797.0
8800,0,grrGrG,8805.0
8805,1,grrrrr,8810.0
8810,2,yrrrrr,8813.0
8815,3,rGGrGr,8818.0
8820,4,rGGrrr,8823.0
8825,5,ryyrrr,8826.0
8830,0,grrGrG,8831.0
8835,1,grrrrr,8836.0
8840,3,rGGrGr,8844.0
8845,4,rGGrrr,8849.0
8850,5,ryyrrr,8852.0
8855,0,grrGrG,8857.0
8860,1,grrrrr,8862.0
8865,3,rGGrGr,8870.0
8870,4,rGGrrr,8875.0
8875,5,ryyrrr,8878.0
8880,0,grrGrG,8883.0
8885,1,grrrrr,8888.0
8890,2,yrrrrr,8891.0
8895,3,rGGrGr,8896.0
8900,4,rGGrrr,8901.0
8905,0,grrGrG,8909.0
8910,1,grrrrr,8914.0
8915,2,yrrrrr,8917.0
8920,3,rGGrGr,8922.0
8925,4,rGGrrr,8927.0
8930,0,grrGrG,8935.0
8935,1,grrrrr,8940.0
8940,2,yrrrrr,8943.0
8945,3,rGGrGr,8948.0
8950,4,rGGrrr,8953.0
8955,5,ryyrrr,8956.0
8960,0,grrGrG,8961.0
8965,1,grrrrr,8966.0
8970,3,rGGrGr,8974.0
8975,4,rGGrrr,8979.0
8980,5,ryyrrr,8982.0
8985,0,grrGrG,8987.0
8990,1,grrrrr,8992.0
8995,3,rGGrGr,9000.0
9000,4,rGGrrr,9005.0
9005,5,ryyrrr,9008.0
9010,0,grrGrG,9013.0
9015,1,grrrrr,9018.0
9020,2,yrrrrr,9021.0
9025,3,rGGrGr,9026.0
9030,4,rGGrrr,9031.0
9035,0,grrGrG,9039.0
9040,1,grrrrr,9044.0
9045,2,yrrrrr,9047.0
9050,3,rGGrGr,9052.0
9055,4,rGGrrr,9057.0
9060,0,grrGrG,9065.0
9065,1,grrrrr,9070.0
9070,2,yrrrrr,9073.0
9075,3,rGGrGr,9078.0
9080,4,rGGrrr,9083.0
9085,5,ryyrrr,9086.0
9090,0,grrGrG,9091.0
9095,1,grrrrr,9096.0
9100,3,rGGrGr,9104.0
9105,4,rGGrrr,9109.0
9110,5,ryyrrr,9112.0
9115,0,grrGrG,9117.0
9120,1,grrrrr,9122.0
9125,3,rGGrGr,9130.0
9130,4,rGGrrr,9135.0
9135,5,ryyrrr,9138.0
9140,0,grrGrG,9143.0
9145,1,grrrrr,9148.0
9150,2,yrrrrr,9151.0
9155,3,rGGrGr,9156.0
9160,4,rGGrrr,9161.0
9165,0,grrGrG,9169.0
9170,1,grrrrr,9174.0
9175,2,yrrrrr,9177.0
9180,3,rGGrGr,9182.0
9185,4,rGGrrr,9187.0
9190,0,grrGrG,9195.0
9195,1,grrrrr,9200.0
9200,2,yrrrrr,9203.0
9205,3,rGGrGr,9208.0
9210,4,rGGrrr,9213.0
9215,5,ryyrrr,9216.0
9220,0,grrGrG,9221.0
9225,1,grrrrr,9226.0
9230,3,rGGrGr,9234.0
9235,4,rGGrrr,9239.0
9240,5,ryyrrr,9242.0
9245,0,grrGrG,9247.0
9250,1,grrrrr,9252.0
9255,3,rGGrGr,9260.0
9260,4,rGGrrr,9265.0
9265,5,ryyrrr,9268.0
9270,0,grrGrG,9273.0
9275,1,grrrrr,9278.0
9280,2,yrrrrr,9281.0
9285,3,rGGrGr,9286.0
9290,4,rGGrrr,9291.0
9295,0,grrGrG,9299.0
9300,1,grrrrr,9304.0
9305,2,yrrrrr,9307.0
9310,3,rGGrGr,9312.0
9315,4,rGGrrr,9317.0
9320,0,grrGrG,9325.0
9325,1,grrrrr,9330.0
9330,2,yrrrrr,9333.0
9335,3,rGGrGr,9338.0
9340,4,rGGrrr,9343.0
9345,5,ryyrrr,9346.0
9350,0,grrGrG,9351.0
9355,1,grrrrr,9356.0
9360,3,rGGrGr,9364.0
9365,4,rGGrrr,9369.0
9370,5,ryyrrr,9372.0
9375,0,grrGrG,9377.0
9380,1,grrrrr,9382.0
9385,3,rGGrGr,9390.0
9390,4,rGGrrr,9395.0
9395,5,ryyrrr,9398.0
9400,0,grrGrG,9403.0
9405,1,grrrrr,9408.0
9410,2,yrrrrr,9411.0
9415,3,rGGrGr,9416.0
9420,4,rGGrrr,9421.0
9425,0,grrGrG,9429.0
9430,1,grrrrr,9434.0
9435,2,yrrrrr,9437.0
9440,3,rGGrGr,9442.0
9445,4,rGGrrr,9447.0
9450,0,grrGrG,9455.0
9455,1,grrrrr,9460.0
9460,2,yrrrrr,9463.0
9465,3,rGGrGr,9468.0
9470,4,rGGrrr,9473.0
9475,5,ryyrrr,9476.0
9480,0,grrGrG,9481.0
9485,1,grrrrr,9486.0
9490,3,rGGrGr,9494.0
9495,4,rGGrrr,9499.0
9500,5,ryyrrr,9502.0
9505,0,grrGrG,9507.0
9510,1,grrrrr,9512.0
9515,3,rGGrGr,9520.0
9520,4,rGGrrr,9525.0
9525,5,ryyrrr,9528.0
9530,0,grrGrG,9533.0
9535,1,grrrrr,9538.0
9540,2,yrrrrr,9541.0
9545,3,rGGrGr,9546.0
9550,4,rGGrrr,9551.0
9555,0,grrGrG,9559.0
9560,1,grrrrr,9564.0
9565,2,yrrrrr,9567.0
9570,3,rGGrGr,9572.0
9575,4,rGGrrr,9577.0
9580,0,grrGrG,9585.0
9585,1,grrrrr,9590.0
9590,2,yrrrrr,9593.0
9595,3,rGGrGr,9598.0
9600,4,rGGrrr,9603.0
9605,5,ryyrrr,9606.0
9610,0,grrGrG,9611.0
9615,1,grrrrr,9616.0
9620,3,rGGrGr,9624.0
9625,4,rGGrrr,9629.0
9630,5,ryyrrr,9632.0
9635,0,grrGrG,9637.0
9640,1,grrrrr,9642.0
9645,3,rGGrGr,9650.0
9650,4,rGGrrr,9655.0
9655,5,ryyrrr,9658.0
9660,0,grrGrG,9663.0
9665,1,grrrrr,9668.0
9670,2,yrrrrr,9671.0
9675,3,rGGrGr,9676.0
9680,4,rGGrrr,9681.0
9685,0,grrGrG,9689.0
9690,1,grrrrr,9694.0
9695,2,yrrrrr,9697.0
9700,3,rGGrGr,9702.0
9705,4,rGGrrr,9707.0
9710,0,grrGrG,9715.0
9715,1,grrrrr,9720.0
9720,2,yrrrrr,9723.0
9725,3,rGGrGr,9728.0
9730,4,rGGrrr,9733.0
9735,5,ryyrrr,9736.0
9740,0,grrGrG,9741.0
9745,1,grrrrr,9746.0
9750,3,rGGrGr,9754.0
9755,4,rGGrrr,9759.0
9760,5,ryyrrr,9762.0
9765,0,grrGrG,9767.0
9770,1,grrrrr,9772.0
9775,3,rGGrGr,9780.0
9780,4,rGGrrr,9785.0
9785,5,ryyrrr,9788.0
9790,0,grrGrG,9793.0
9795,1,grrrrr,9798.0
9800,2,yrrrrr,9801.0
9805,3,rGGrGr,9806.0
9810,4,rGGrrr,9811.0
9815,0,grrGrG,9819.0
9820,1,grrrrr,9824.0
9825,2,yrrrrr,9827.0
9830,3,rGGrGr,9832.0
9835,4,rGGrrr,9837.0
9840,0,grrGrG,9845.0
9845,1,grrrrr,9850.0
9850,2,yrrrrr,9853.0
9855,3,rGGrGr,9858.0
9860,4,rGGrrr,9863.0
9865,5,ryyrrr,9866.0
9870,0,grrGrG,9871.0
9875,1,grrrrr,9876.0
9880,3,rGGrGr,9884.0
9885,4,rGGrrr,9889.0
9890,5,ryyrrr,9892.0
9895,0,grrGrG,9897.0
9900,1,grrrrr,9902.0
9905,3,rGGrGr,9910.0
9910,4,rGGrrr,9915.0
9915,5,ryyrrr,9918.0
9920,0,grrGrG,9923.0
9925,1,grrrrr,9928.0
9930,2,yrrrrr,9931.0
9935,3,rGGrGr,9936.0
9940,4,rGGrrr,9941.0
9945,0,grrGrG,9949.0
9950,1,grrrrr,9954.0
9955,2,yrrrrr,9957.0
9960,3,rGGrGr,9962.0
9965,4,rGGrrr,9967.0
9970,0,grrGrG,9975.0
9975,1,grrrrr,9980.0
9980,2,yrrrrr,9983.0
9985,3,rGGrGr,9988.0
9990,4,rGGrrr,9993.0
9995,5,ryyrrr,9996.0
