0,0,GGrr,5.0
5,1,yyrr,9.0
10,2,rrGG,14.0
15,3,rryy,18.0
20,0,GGrr,23.0
25,1,yyrr,27.0
30,2,rrGG,32.0
35,3,rryy,36.0
40,0,GGrr,41.0
45,2,rrGG,50.0
50,3,rryy,54.0
55,0,GGrr,59.0
60,1,yyrr,63.0
65,2,rrGG,68.0
70,3,rryy,72.0
75,0,GGrr,77.0
80,1,yyrr,81.0
85,2,rrGG,86.0
90,0,GGrr,95.0
95,1,yyrr,99.0
100,2,rrGG,104.0
105,3,rryy,108.0
110,0,GGrr,113.0
115,1,yyrr,117.0
120,2,rrGG,122.0
125,3,rryy,126.0
130,0,GGrr,131.0
135,2,rrGG,140.0
140,3,rryy,144.0
145,0,GGrr,149.0
150,1,yyrr,153.0
155,2,rrGG,158.0
160,3,rryy,162.0
165,0,GGrr,167.0
170,1,yyrr,171.0
175,2,rrGG,176.0
180,0,GGrr,185.0
185,1,yyrr,189.0
190,2,rrGG,194.0
195,3,rryy,198.0
200,0,GGrr,203.0
205,1,yyrr,207.0
210,2,rrGG,212.0
215,3,rryy,216.0
220,0,GGrr,221.0
225,2,rrGG,230.0
230,3,rryy,234.0
235,0,GGrr,239.0
240,1,yyrr,243.0
245,2,rrGG,248.0
250,3,rryy,252.0
255,0,GGrr,257.0
260,1,yyrr,261.0
265,2,rrGG,266.0
270,0,GGrr,275.0
275,1,yyrr,279.0
280,2,rrGG,284.0
285,3,rryy,288.0
290,0,GGrr,293.0
295,1,yyrr,297.0
300,2,rrGG,302.0
305,3,rryy,306.0
310,0,GGrr,311.0
315,2,rrGG,320.0
320,3,rryy,324.0
325,0,GGrr,329.0
330,1,yyrr,333.0
335,2,rrGG,338.0
340,3,rryy,342.0
345,0,GGrr,347.0
350,1,yyrr,351.0
355,2,rrGG,356.0
360,0,GGrr,365.0
365,1,yyrr,369.0
370,2,rrGG,374.0
375,3,rryy,378.0
380,0,GGrr,383.0
385,1,yyrr,387.0
390,2,rrGG,392.0
395,3,rryy,396.0
400,0,GGrr,401.0
405,2,rrGG,410.0
410,3,rryy,414.0
415,0,GGrr,419.0
420,1,yyrr,423.0
425,2,rrGG,428.0
430,3,rryy,432.0
435,0,GGrr,437.0
440,1,yyrr,441.0
445,2,rrGG,446.0
450,0,GGrr,455.0
455,1,yyrr,459.0
460,2,rrGG,464.0
465,3,rryy,468.0
470,0,GGrr,473.0
475,1,yyrr,479.0
480,2,rrGG,484.0
485,3,rryy,488.0
490,0,GGrr,493.0
495,1,yyrr,497.0
500,2,rrGG,502.0
505,3,rryy,506.0
510,0,GGrr,511.0
515,2,rrGG,520.0
520,3,rryy,524.0
525,0,GGrr,529.0
530,1,yyrr,533.0
535,2,rrGG,538.0
540,3,rryy,542.0
545,0,GGrr,547.0
550,1,yyrr,551.0
555,2,rrGG,556.0
560,0,GGrr,565.0
565,1,yyrr,569.0
570,2,rrGG,574.0
575,3,rryy,578.0
580,0,GGrr,583.0
585,1,yyrr,587.0
590,2,rrGG,592.0
595,3,rryy,596.0
600,0,GGrr,601.0
605,2,rrGG,610.0
610,3,rryy,614.0
615,0,GGrr,619.0
620,1,yyrr,623.0
625,2,rrGG,628.0
630,3,rryy,632.0
635,0,GGrr,637.0
640,1,yyrr,641.0
645,2,rrGG,646.0
650,0,GGrr,655.0
655,1,yyrr,659.0
660,2,rrGG,664.0
665,3,rryy,668.0
670,0,GGrr,673.0
675,1,yyrr,677.0
680,2,rrGG,682.0
685,3,rryy,686.0
690,0,GGrr,691.0
695,2,rrGG,700.0
700,3,rryy,704.0
705,0,GGrr,709.0
710,1,yyrr,713.0
715,2,rrGG,718.0
720,3,rryy,722.0
725,0,GGrr,727.0
730,1,yyrr,731.0
735,2,rrGG,736.0
740,0,GGrr,745.0
745,1,yyrr,749.0
750,2,rrGG,754.0
755,3,rryy,758.0
760,0,GGrr,763.0
765,1,yyrr,767.0
770,2,rrGG,772.0
775,3,rryy,776.0
780,0,GGrr,781.0
785,2,rrGG,790.0
790,3,rryy,794.0
795,0,GGrr,799.0
800,1,yyrr,803.0
805,2,rrGG,808.0
810,3,rryy,812.0
815,0,GGrr,817.0
820,1,yyrr,821.0
825,2,rrGG,826.0
830,0,GGrr,835.0
835,1,yyrr,839.0
840,2,rrGG,844.0
845,3,rryy,848.0
850,0,GGrr,853.0
855,1,yyrr,857.0
860,2,rrGG,862.0
865,3,rryy,866.0
870,0,GGrr,871.0
875,2,rrGG,880.0
880,3,rryy,884.0
885,0,GGrr,889.0
890,1,yyrr,893.0
895,2,rrGG,898.0
900,3,rryy,902.0
905,0,GGrr,907.0
910,1,yyrr,911.0
915,2,rrGG,916.0
920,0,GGrr,925.0
925,1,yyrr,929.0
930,2,rrGG,934.0
935,3,rryy,938.0
940,0,GGrr,943.0
945,1,yyrr,947.0
950,2,rrGG,952.0
955,3,rryy,958.0
960,0,GGrr,963.0
965,1,yyrr,967.0
970,2,rrGG,972.0
975,3,rryy,976.0
980,0,GGrr,981.0
985,2,rrGG,990.0
990,3,rryy,994.0
995,0,GGrr,999.0
1000,1,yyrr,1003.0
1005,2,rrGG,1008.0
1010,3,rryy,1012.0
1015,0,GGrr,1017.0
1020,1,yyrr,1021.0
1025,2,rrGG,1026.0
1030,0,GGrr,1035.0
1035,1,yyrr,1039.0
1040,2,rrGG,1044.0
1045,3,rryy,1048.0
1050,0,GGrr,1053.0
1055,1,yyrr,1057.0
1060,2,rrGG,1062.0
1065,3,rryy,1066.0
1070,0,GGrr,1071.0
1075,2,rrGG,1080.0
1080,3,rryy,1084.0
1085,0,GGrr,1089.0
1090,1,yyrr,1093.0
1095,2,rrGG,1098.0
1100,3,rryy,1104.0
1105,0,GGrr,1109.0
1110,1,yyrr,1113.0
1115,2,rrGG,1118.0
1120,3,rryy,1122.0
1125,0,GGrr,1127.0
1130,1,yyrr,1131.0
1135,2,rrGG,1136.0
1140,0,GGrr,1145.0
1145,1,yyrr,1149.0
1150,2,rrGG,1154.0
1155,3,rryy,1158.0
1160,0,GGrr,1163.0
1165,1,yyrr,1167.0
1170,2,rrGG,1172.0
1175,3,rryy,1176.0
1180,0,GGrr,1181.0
1185,1,yyrr,1189.0
1190,2,rrGG,1194.0
1195,3,rryy,1198.0
1200,0,GGrr,1203.0
1205,1,yyrr,1207.0
1210,2,rrGG,1212.0
1215,3,rryy,1216.0
1220,0,GGrr,1221.0
1225,2,rrGG,1230.0
1230,3,rryy,1234.0
1235,0,GGrr,1239.0
1240,1,yyrr,1243.0
1245,2,rrGG,1248.0
1250,3,rryy,1252.0
1255,0,GGrr,1257.0
1260,1,yyrr,1262.0
1265,2,rrGG,1267.0
1270,3,rryy,1271.0
1275,0,GGrr,1276.0
1280,2,rrGG,1285.0
1285,3,rryy,1289.0
1290,0,GGrr,1294.0
1295,1,yyrr,1298.0
1300,2,rrGG,1303.0
1305,3,rryy,1307.0
1310,0,GGrr,1312.0
1315,1,yyrr,1316.0
1320,2,rrGG,1321.0
1325,0,GGrr,1330.0
1330,1,yyrr,1334.0
1335,2,rrGG,1339.0
1340,3,rryy,1343.0
1345,0,GGrr,1348.0
1350,1,yyrr,1352.0
1355,2,rrGG,1357.0
1360,3,rryy,1361.0
1365,0,GGrr,1366.0
1370,2,rrGG,1375.0
1375,2,rrGG,1377.0
1380,3,rryy,1382.0
1385,0,GGrr,1387.0
1390,1,yyrr,1391.0
1395,2,rrGG,1396.0
1400,0,GGrr,1405.0
1405,1,yyrr,1409.0
1410,2,rrGG,1414.0
1415,3,rryy,1418.0
1420,0,GGrr,1423.0
1425,1,yyrr,1427.0
1430,2,rrGG,1432.0
1435,3,rryy,1436.0
1440,0,GGrr,1441.0
1445,2,rrGG,1450.0
1450,3,rryy,1454.0
1455,0,GGrr,1459.0
1460,1,yyrr,1463.0
1465,2,rrGG,1468.0
1470,3,rryy,1472.0
1475,0,GGrr,1477.0
1480,1,yyrr,1481.0
1485,2,rrGG,1486.0
1490,0,GGrr,1495.0
1495,1,yyrr,1499.0
1500,2,rrGG,1504.0
1505,3,rryy,1508.0
1510,0,GGrr,1513.0
1515,1,yyrr,1517.0
1520,2,rrGG,1522.0
1525,3,rryy,1526.0
1530,0,GGrr,1531.0
1535,2,rrGG,1540.0
1540,3,rryy,1544.0
1545,0,GGrr,1549.0
1550,1,yyrr,1553.0
1555,2,rrGG,1558.0
1560,3,rryy,1562.0
1565,0,GGrr,1567.0
1570,1,yyrr,1571.0
1575,2,rrGG,1576.0
1580,0,GGrr,1585.0
1585,1,yyrr,1589.0
1590,2,rrGG,1594.0
1595,3,rryy,1598.0
1600,0,GGrr,1603.0
1605,1,yyrr,1607.0
1610,2,rrGG,1612.0
1615,3,rryy,1619.0
1620,0,GGrr,1624.0
1625,1,yyrr,1628.0
1630,2,rrGG,1633.0
1635,3,rryy,1637.0
1640,0,GGrr,1642.0
1645,1,yyrr,1646.0
1650,2,rrGG,1651.0
1655,0,GGrr,1660.0
1660,1,yyrr,1664.0
1665,2,rrGG,1669.0
1670,3,rryy,1673.0
1675,0,GGrr,1678.0
1680,1,yyrr,1682.0
1685,2,rrGG,1687.0
1690,3,rryy,1691.0
1695,0,GGrr,1696.0
1700,1,yyrr,1704.0
1705,2,rrGG,1709.0
1710,3,rryy,1713.0
1715,0,GGrr,1718.0
1720,1,yyrr,1722.0
1725,2,rrGG,1727.0
1730,3,rryy,1731.0
1735,0,GGrr,1736.0
1740,2,rrGG,1745.0
1745,3,rryy,1749.0
1750,0,GGrr,1754.0
1755,1,yyrr,1758.0
1760,2,rrGG,1763.0
1765,3,rryy,1767.0
1770,0,GGrr,1772.0
1775,1,yyrr,1776.0
1780,2,rrGG,1781.0
1785,0,GGrr,1790.0
1790,1,yyrr,1794.0
1795,2,rrGG,1799.0
1800,3,rryy,1803.0
1805,0,GGrr,1808.0
1810,1,yyrr,1812.0
1815,2,rrGG,1817.0
1820,3,rryy,1821.0
1825,0,GGrr,1826.0
1830,2,rrGG,1835.0
1835,3,rryy,1839.0
1840,0,GGrr,1844.0
1845,1,yyrr,1848.0
1850,2,rrGG,1853.0
1855,3,rryy,1857.0
1860,0,GGrr,1862.0
1865,1,yyrr,1866.0
1870,2,rrGG,1871.0
1875,0,GGrr,1880.0
1880,1,yyrr,1884.0
1885,2,rrGG,1889.0
1890,3,rryy,1893.0
1895,0,GGrr,1898.0
1900,1,yyrr,1902.0
1905,2,rrGG,1907.0
1910,3,rryy,1911.0
1915,0,GGrr,1916.0
1920,2,rrGG,1925.0
1925,3,rryy,1929.0
1930,0,GGrr,1934.0
1935,1,yyrr,1938.0
1940,2,rrGG,1943.0
1945,2,rrGG,1946.0
1950,0,GGrr,1955.0
1955,1,yyrr,1959.0
1960,2,rrGG,1964.0
1965,3,rryy,1968.0
1970,0,GGrr,1973.0
1975,1,yyrr,1977.0
1980,2,rrGG,1982.0
1985,3,rryy,1986.0
1990,0,GGrr,1991.0
1995,1,yyrr,1998.0
2000,2,rrGG,2003.0
2005,3,rryy,2007.0
2010,0,GGrr,2012.0
2015,1,yyrr,2016.0
2020,2,rrGG,2021.0
2025,0,GGrr,2030.0
2030,1,yyrr,2034.0
2035,2,rrGG,2039.0
2040,3,rryy,2043.0
2045,0,GGrr,2048.0
2050,1,yyrr,2052.0
2055,2,rrGG,2057.0
2060,3,rryy,2061.0
2065,0,GGrr,2066.0
2070,2,rrGG,2075.0
2075,3,rryy,2079.0
2080,0,GGrr,2084.0
2085,1,yyrr,2088.0
2090,2,rrGG,2093.0
2095,3,rryy,2097.0
2100,0,GGrr,2102.0
2105,1,yyrr,2106.0
2110,2,rrGG,2111.0
2115,0,GGrr,2120.0
2120,1,yyrr,2124.0
2125,2,rrGG,2129.0
2130,3,rryy,2133.0
2135,0,GGrr,2138.0
2140,1,yyrr,2142.0
2145,2,rrGG,2147.0
2150,3,rryy,2151.0
2155,0,GGrr,2156.0
2160,2,rrGG,2165.0
2165,2,rrGG,2166.0
2170,3,rryy,2171.0
2175,0,GGrr,2176.0
2180,2,rrGG,2185.0
2185,3,rryy,2189.0
2190,0,GGrr,2194.0
2195,1,yyrr,2198.0
2200,2,rrGG,2203.0
2205,3,rryy,2207.0
2210,0,GGrr,2212.0
2215,0,GGrr,2216.0
2220,2,rrGG,2225.0
2225,3,rryy,2229.0
2230,0,GGrr,2234.0
2235,1,yyrr,2238.0
2240,2,rrGG,2243.0
2245,3,rryy,2247.0
2250,0,GGrr,2252.0
2255,1,yyrr,2256.0
2260,2,rrGG,2261.0
2265,0,GGrr,2270.0
2270,1,yyrr,2274.0
2275,2,rrGG,2279.0
2280,3,rryy,2283.0
2285,0,GGrr,2288.0
2290,1,yyrr,2292.0
2295,2,rrGG,2297.0
2300,3,rryy,2301.0
2305,0,GGrr,2306.0
2310,2,rrGG,2315.0
2315,3,rryy,2319.0
2320,0,GGrr,2324.0
2325,1,yyrr,2328.0
2330,2,rrGG,2333.0
2335,3,rryy,2337.0
2340,0,GGrr,2342.0
2345,1,yyrr,2346.0
2350,2,rrGG,2351.0
2355,0,GGrr,2360.0
2360,1,yyrr,2364.0
2365,2,rrGG,2369.0
2370,3,rryy,2373.0
2375,0,GGrr,2378.0
2380,1,yyrr,2382.0
2385,2,rrGG,2387.0
2390,3,rryy,2391.0
2395,0,GGrr,2396.0
2400,2,rrGG,2405.0
2405,3,rryy,2409.0
2410,0,GGrr,2414.0
2415,1,yyrr,2418.0
2420,2,rrGG,2423.0
2425,3,rryy,2427.0
2430,0,GGrr,2432.0
2435,1,yyrr,2436.0
2440,2,rrGG,2441.0
2445,0,GGrr,2450.0
2450,1,yyrr,2454.0
2455,2,rrGG,2459.0
2460,3,rryy,2463.0
2465,0,GGrr,2468.0
2470,1,yyrr,2472.0
2475,2,rrGG,2477.0
2480,3,rryy,2481.0
2485,0,GGrr,2486.0
2490,2,rrGG,2495.0
2495,3,rryy,2499.0
2500,0,GGrr,2504.0
2505,1,yyrr,2508.0
2510,2,rrGG,2513.0
2515,3,rryy,2517.0
2520,0,GGrr,2522.0
2525,1,yyrr,2526.0
2530,2,rrGG,2531.0
2535,0,GGrr,2540.0
2540,1,yyrr,2544.0
2545,2,rrGG,2549.0
2550,3,rryy,2553.0
2555,0,GGrr,2558.0
2560,1,yyrr,2562.0
2565,2,rrGG,2567.0
2570,3,rryy,2571.0
2575,0,GGrr,2576.0
2580,2,rrGG,2585.0
2585,3,rryy,2589.0
2590,0,GGrr,2594.0
2595,1,yyrr,2598.0
2600,2,rrGG,2603.0
2605,3,rryy,2607.0
2610,0,GGrr,2612.0
2615,1,yyrr,2618.0
2620,2,rrGG,2623.0
2625,3,rryy,2627.0
2630,0,GGrr,2632.0
2635,1,yyrr,2636.0
2640,2,rrGG,2641.0
2645,0,GGrr,2650.0
2650,1,yyrr,2654.0
2655,2,rrGG,2659.0
2660,3,rryy,2663.0
2665,0,GGrr,2668.0
2670,1,yyrr,2672.0
2675,2,rrGG,2677.0
2680,2,rrGG,2681.0
2685,0,GGrr,2690.0
2690,0,GGrr,2692.0
2695,1,yyrr,2697.0
2700,2,rrGG,2702.0
2705,3,rryy,2706.0
2710,0,GGrr,2711.0
2715,2,rrGG,2720.0
2720,3,rryy,2724.0
2725,0,GGrr,2729.0
2730,1,yyrr,2733.0
2735,2,rrGG,2738.0
2740,3,rryy,2742.0
2745,0,GGrr,2747.0
2750,1,yyrr,2751.0
2755,2,rrGG,2756.0
2760,0,GGrr,2765.0
2765,1,yyrr,2769.0
2770,2,rrGG,2774.0
2775,3,rryy,2778.0
2780,0,GGrr,2783.0
2785,1,yyrr,2787.0
2790,2,rrGG,2792.0
2795,3,rryy,2796.0
2800,0,GGrr,2801.0
2805,2,rrGG,2810.0
2810,3,rryy,2814.0
2815,0,GGrr,2819.0
2820,0,GGrr,2821.0
2825,1,yyrr,2827.0
2830,2,rrGG,2832.0
2835,3,rryy,2837.0
2840,0,GGrr,2842.0
2845,1,yyrr,2846.0
2850,2,rrGG,2851.0
2855,0,GGrr,2860.0
2860,1,yyrr,2864.0
2865,2,rrGG,2869.0
2870,2,rrGG,2871.0
2875,0,GGrr,2880.0
2880,1,yyrr,2884.0
2885,2,rrGG,2889.0
2890,3,rryy,2893.0
2895,0,GGrr,2898.0
2900,1,yyrr,2902.0
2905,2,rrGG,2907.0
2910,3,rryy,2911.0
2915,0,GGrr,2916.0
2920,2,rrGG,2925.0
2925,3,rryy,2929.0
2930,0,GGrr,2934.0
2935,1,yyrr,2938.0
2940,2,rrGG,2943.0
2945,3,rryy,2947.0
2950,0,GGrr,2952.0
2955,1,yyrr,2956.0
2960,2,rrGG,2961.0
2965,0,GGrr,2970.0
2970,1,yyrr,2974.0
2975,2,rrGG,2979.0
2980,3,rryy,2983.0
2985,0,GGrr,2988.0
2990,1,yyrr,2992.0
2995,2,rrGG,2997.0
3000,3,rryy,3001.0
3005,0,GGrr,3006.0
3010,2,rrGG,3015.0
3015,3,rryy,3019.0
3020,0,GGrr,3024.0
3025,1,yyrr,3028.0
3030,2,rrGG,3033.0
3035,3,rryy,3037.0
3040,0,GGrr,3042.0
3045,1,yyrr,3046.0
3050,2,rrGG,3051.0
3055,0,GGrr,3060.0
3060,1,yyrr,3064.0
3065,2,rrGG,3069.0
3070,3,rryy,3073.0
3075,0,GGrr,3078.0
3080,1,yyrr,3082.0
3085,2,rrGG,3087.0
3090,3,rryy,3091.0
3095,0,GGrr,3096.0
3100,2,rrGG,3105.0
3105,3,rryy,3109.0
3110,0,GGrr,3114.0
3115,1,yyrr,3118.0
3120,2,rrGG,3123.0
3125,3,rryy,3127.0
3130,0,GGrr,3132.0
3135,1,yyrr,3136.0
3140,2,rrGG,3141.0
3145,0,GGrr,3150.0
3150,1,yyrr,3154.0
3155,2,rrGG,3159.0
3160,3,rryy,3163.0
3165,0,GGrr,3168.0
3170,1,yyrr,3172.0
3175,2,rrGG,3177.0
3180,3,rryy,3181.0
3185,0,GGrr,3186.0
3190,2,rrGG,3195.0
3195,3,rryy,3199.0
3200,0,GGrr,3204.0
3205,1,yyrr,3208.0
3210,2,rrGG,3213.0
3215,2,rrGG,3216.0
3220,0,GGrr,3225.0
3225,1,yyrr,3229.0
3230,2,rrGG,3234.0
3235,3,rryy,3238.0
3240,0,GGrr,3243.0
3245,1,yyrr,3247.0
3250,2,rrGG,3252.0
3255,3,rryy,3256.0
3260,0,GGrr,3261.0
3265,2,rrGG,3270.0
3270,3,rryy,3274.0
3275,0,GGrr,3279.0
3280,1,yyrr,3283.0
3285,2,rrGG,3288.0
3290,3,rryy,3292.0
3295,0,GGrr,3297.0
3300,1,yyrr,3301.0
3305,2,rrGG,3306.0
3310,0,GGrr,3315.0
3315,1,yyrr,3319.0
3320,2,rrGG,3324.0
3325,3,rryy,3328.0
3330,0,GGrr,3333.0
3335,1,yyrr,3337.0
3340,2,rrGG,3342.0
3345,3,rryy,3346.0
3350,0,GGrr,3351.0
3355,2,rrGG,3360.0
3360,2,rrGG,3361.0
3365,3,rryy,3366.0
3370,0,GGrr,3371.0
3375,2,rrGG,3380.0
3380,3,rryy,3384.0
3385,0,GGrr,3389.0
3390,1,yyrr,3393.0
3395,2,rrGG,3398.0
3400,3,rryy,3402.0
3405,0,GGrr,3407.0
3410,1,yyrr,3411.0
3415,2,rrGG,3416.0
3420,0,GGrr,3425.0
3425,1,yyrr,3429.0
3430,2,rrGG,3434.0
3435,3,rryy,3438.0
3440,0,GGrr,3443.0
3445,1,yyrr,3447.0
3450,2,rrGG,3452.0
3455,3,rryy,3456.0
3460,0,GGrr,3461.0
3465,2,rrGG,3470.0
3470,2,rrGG,3471.0
3475,3,rryy,3476.0
3480,0,GGrr,3481.0
3485,2,rrGG,3490.0
3490,3,rryy,3494.0
3495,0,GGrr,3499.0
3500,1,yyrr,3503.0
3505,2,rrGG,3508.0
3510,3,rryy,3512.0
3515,0,GGrr,3517.0
3520,1,yyrr,3521.0
3525,2,rrGG,3526.0
3530,3,rryy,3533.0
3535,0,GGrr,3538.0
3540,1,yyrr,3542.0
3545,2,rrGG,3547.0
3550,3,rryy,3551.0
3555,0,GGrr,3556.0
3560,2,rrGG,3565.0
3565,3,rryy,3569.0
3570,0,GGrr,3574.0
3575,1,yyrr,3578.0
3580,2,rrGG,3583.0
3585,3,rryy,3587.0
3590,0,GGrr,3592.0
3595,1,yyrr,3596.0
3600,2,rrGG,3601.0
3605,0,GGrr,3610.0
3610,1,yyrr,3614.0
3615,2,rrGG,3619.0
3620,3,rryy,3623.0
3625,0,GGrr,3628.0
3630,1,yyrr,3632.0
3635,2,rrGG,3637.0
3640,3,rryy,3641.0
3645,0,GGrr,3646.0
3650,2,rrGG,3655.0
3655,3,rryy,3659.0
3660,0,GGrr,3664.0
3665,1,yyrr,3668.0
3670,2,rrGG,3673.0
3675,3,rryy,3677.0
3680,0,GGrr,3682.0
3685,1,yyrr,3686.0
3690,2,rrGG,3691.0
3695,0,GGrr,3700.0
3700,1,yyrr,3704.0
3705,2,rrGG,3709.0
3710,3,rryy,3713.0
3715,0,GGrr,3718.0
3720,1,yyrr,3722.0
3725,2,rrGG,3727.0
3730,3,rryy,3731.0
3735,0,GGrr,3736.0
3740,2,rrGG,3745.0
3745,3,rryy,3749.0
3750,0,GGrr,3754.0
3755,1,yyrr,3758.0
3760,2,rrGG,3763.0
3765,3,rryy,3769.0
3770,0,GGrr,3774.0
3775,1,yyrr,3778.0
3780,2,rrGG,3783.0
3785,3,rryy,3787.0
3790,0,GGrr,3792.0
3795,1,yyrr,3796.0
3800,2,rrGG,3801.0
3805,0,GGrr,3810.0
3810,1,yyrr,3814.0
3815,2,rrGG,3819.0
3820,3,rryy,3823.0
3825,0,GGrr,3828.0
3830,1,yyrr,3832.0
3835,2,rrGG,3837.0
3840,3,rryy,3841.0
3845,0,GGrr,3846.0
3850,2,rrGG,3855.0
3855,3,rryy,3859.0
3860,0,GGrr,3864.0
3865,1,yyrr,3868.0
3870,2,rrGG,3873.0
3875,3,rryy,3877.0
3880,0,GGrr,3882.0
3885,1,yyrr,3886.0
3890,2,rrGG,3891.0
3895,0,GGrr,3900.0
3900,1,yyrr,3904.0
3905,2,rrGG,3909.0
3910,3,rryy,3913.0
3915,0,GGrr,3918.0
3920,1,yyrr,3922.0
3925,2,rrGG,3927.0
3930,3,rryy,3931.0
3935,0,GGrr,3936.0
3940,2,rrGG,3945.0
3945,3,rryy,3949.0
3950,0,GGrr,3954.0
3955,1,yyrr,3958.0
3960,2,rrGG,3963.0
3965,3,rryy,3967.0
3970,0,GGrr,3972.0
3975,1,yyrr,3976.0
3980,2,rrGG,3981.0
3985,0,GGrr,3990.0
3990,1,yyrr,3994.0
3995,2,rrGG,3999.0
4000,3,rryy,4003.0
4005,0,GGrr,4008.0
4010,1,yyrr,4012.0
4015,2,rrGG,4017.0
4020,3,rryy,4021.0
4025,0,GGrr,4026.0
4030,2,rrGG,4035.0
4035,3,rryy,4039.0
4040,0,GGrr,4044.0
4045,1,yyrr,4048.0
4050,2,rrGG,4053.0
4055,3,rryy,4057.0
4060,0,GGrr,4062.0
4065,1,yyrr,4066.0
4070,2,rrGG,4071.0
4075,0,GGrr,4080.0
4080,1,yyrr,4084.0
4085,2,rrGG,4089.0
4090,3,rryy,4093.0
4095,0,GGrr,4098.0
4100,1,yyrr,4102.0
4105,2,rrGG,4107.0
4110,3,rryy,4111.0
4115,0,GGrr,4116.0
4120,2,rrGG,4125.0
4125,3,rryy,4129.0
4130,0,GGrr,4134.0
4135,1,yyrr,4138.0
4140,2,rrGG,4143.0
4145,3,rryy,4147.0
4150,0,GGrr,4152.0
4155,1,yyrr,4156.0
4160,2,rrGG,4161.0
4165,0,GGrr,4170.0
4170,1,yyrr,4174.0
4175,2,rrGG,4179.0
4180,3,rryy,4183.0
4185,0,GGrr,4188.0
4190,1,yyrr,4192.0
4195,2,rrGG,4197.0
4200,3,rryy,4201.0
4205,0,GGrr,4206.0
4210,2,rrGG,4215.0
4215,3,rryy,4219.0
4220,0,GGrr,4224.0
4225,1,yyrr,4228.0
4230,2,rrGG,4233.0
4235,3,rryy,4237.0
4240,0,GGrr,4242.0
4245,1,yyrr,4246.0
4250,2,rrGG,4251.0
4255,0,GGrr,4260.0
4260,1,yyrr,4264.0
4265,2,rrGG,4269.0
4270,3,rryy,4273.0
4275,0,GGrr,4278.0
4280,1,yyrr,4282.0
4285,2,rrGG,4287.0
4290,3,rryy,4291.0
4295,0,GGrr,4296.0
4300,2,rrGG,4305.0
4305,3,rryy,4309.0
4310,0,GGrr,4314.0
4315,1,yyrr,4318.0
4320,2,rrGG,4323.0
4325,3,rryy,4327.0
4330,0,GGrr,4332.0
4335,1,yyrr,4336.0
4340,2,rrGG,4341.0
4345,3,rryy,4346.0
4350,0,GGrr,4351.0
4355,2,rrGG,4360.0
4360,3,rryy,4364.0
4365,0,GGrr,4369.0
4370,1,yyrr,4373.0
4375,2,rrGG,4378.0
4380,3,rryy,4382.0
4385,0,GGrr,4387.0
4390,1,yyrr,4391.0
4395,2,rrGG,4396.0
4400,0,GGrr,4405.0
4405,1,yyrr,4409.0
4410,2,rrGG,4414.0
4415,3,rryy,4418.0
4420,0,GGrr,4423.0
4425,1,yyrr,4427.0
4430,2,rrGG,4432.0
4435,3,rryy,4436.0
4440,0,GGrr,4441.0
4445,2,rrGG,4450.0
4450,3,rryy,4454.0
4455,0,GGrr,4459.0
4460,1,yyrr,4463.0
4465,2,rrGG,4468.0
4470,3,rryy,4472.0
4475,0,GGrr,4477.0
4480,1,yyrr,4481.0
4485,2,rrGG,4486.0
4490,0,GGrr,4495.0
4495,1,yyrr,4499.0
4500,2,rrGG,4504.0
4505,3,rryy,4508.0
4510,0,GGrr,4513.0
4515,1,yyrr,4517.0
4520,2,rrGG,4522.0
4525,3,rryy,4526.0
4530,0,GGrr,4531.0
4535,2,rrGG,4540.0
4540,3,rryy,4544.0
4545,0,GGrr,4549.0
4550,1,yyrr,4553.0
4555,2,rrGG,4558.0
4560,3,rryy,4562.0
4565,0,GGrr,4567.0
4570,1,yyrr,4571.0
4575,2,rrGG,4576.0
4580,0,GGrr,4585.0
4585,1,yyrr,4589.0
4590,2,rrGG,4594.0
4595,3,rryy,4598.0
4600,0,GGrr,4603.0
4605,1,yyrr,4607.0
4610,2,rrGG,4612.0
4615,3,rryy,4616.0
4620,0,GGrr,4621.0
4625,2,rrGG,4630.0
4630,3,rryy,4634.0
4635,0,GGrr,4639.0
4640,1,yyrr,4643.0
4645,2,rrGG,4648.0
4650,3,rryy,4652.0
4655,0,GGrr,4657.0
4660,1,yyrr,4661.0
4665,2,rrGG,4666.0
4670,0,GGrr,4675.0
4675,1,yyrr,4679.0
4680,2,rrGG,4684.0
4685,3,rryy,4688.0
4690,0,GGrr,4693.0
4695,1,yyrr,4697.0
4700,2,rrGG,4702.0
4705,3,rryy,4706.0
4710,0,GGrr,4711.0
4715,2,rrGG,4720.0
4720,3,rryy,4724.0
4725,0,GGrr,4729.0
4730,1,yyrr,4733.0
4735,2,rrGG,4738.0
4740,3,rryy,4742.0
4745,0,GGrr,4747.0
4750,1,yyrr,4751.0
4755,2,rrGG,4756.0
4760,0,GGrr,4765.0
4765,1,yyrr,4769.0
4770,2,rrGG,4774.0
4775,3,rryy,4778.0
4780,0,GGrr,4783.0
4785,1,yyrr,4787.0
4790,2,rrGG,4792.0
4795,3,rryy,4796.0
4800,0,GGrr,4801.0
4805,2,rrGG,4810.0
4810,3,rryy,4814.0
4815,0,GGrr,4819.0
4820,1,yyrr,4823.0
4825,2,rrGG,4828.0
4830,3,rryy,4832.0
4835,0,GGrr,4837.0
4840,1,yyrr,4841.0
4845,2,rrGG,4846.0
4850,0,GGrr,4855.0
4855,1,yyrr,4859.0
4860,2,rrGG,4864.0
4865,3,rryy,4868.0
4870,0,GGrr,4873.0
4875,1,yyrr,4877.0
4880,2,rrGG,4882.0
4885,3,rryy,4886.0
4890,0,GGrr,4891.0
4895,2,rrGG,4900.0
4900,3,rryy,4904.0
4905,0,GGrr,4909.0
4910,1,yyrr,4913.0
4915,2,rrGG,4918.0
4920,3,rryy,4922.0
4925,0,GGrr,4927.0
4930,1,yyrr,4931.0
4935,2,rrGG,4936.0
4940,0,GGrr,4945.0
4945,1,yyrr,4949.0
4950,2,rrGG,4954.0
4955,3,rryy,4958.0
4960,0,GGrr,4963.0
4965,1,yyrr,4967.0
4970,2,rrGG,4972.0
4975,3,rryy,4976.0
4980,0,GGrr,4981.0
4985,2,rrGG,4990.0
4990,3,rryy,4994.0
4995,0,GGrr,4999.0
5000,1,yyrr,5003.0
5005,2,rrGG,5008.0
5010,3,rryy,5012.0
5015,0,GGrr,5017.0
5020,1,yyrr,5021.0
5025,2,rrGG,5026.0
5030,0,GGrr,5035.0
5035,1,yyrr,5039.0
5040,2,rrGG,5044.0
5045,3,rryy,5048.0
5050,0,GGrr,5053.0
5055,1,yyrr,5057.0
5060,2,rrGG,5062.0
5065,3,rryy,5066.0
5070,0,GGrr,5071.0
5075,2,rrGG,5080.0
5080,3,rryy,5084.0
5085,0,GGrr,5089.0
5090,1,yyrr,5093.0
5095,2,rrGG,5098.0
5100,3,rryy,5102.0
5105,0,GGrr,5107.0
5110,1,yyrr,5111.0
5115,2,rrGG,5116.0
5120,0,GGrr,5125.0
5125,1,yyrr,5129.0
5130,2,rrGG,5134.0
5135,3,rryy,5138.0
5140,0,GGrr,5143.0
5145,1,yyrr,5147.0
5150,2,rrGG,5152.0
5155,3,rryy,5156.0
5160,0,GGrr,5161.0
5165,2,rrGG,5170.0
5170,3,rryy,5174.0
5175,0,GGrr,5179.0
5180,1,yyrr,5183.0
5185,2,rrGG,5188.0
5190,3,rryy,5192.0
5195,0,GGrr,5197.0
5200,1,yyrr,5201.0
5205,2,rrGG,5206.0
5210,0,GGrr,5215.0
5215,1,yyrr,5219.0
5220,2,rrGG,5224.0
5225,3,rryy,5228.0
5230,0,GGrr,5233.0
5235,1,yyrr,5237.0
5240,2,rrGG,5242.0
5245,3,rryy,5246.0
5250,0,GGrr,5251.0
5255,2,rrGG,5260.0
5260,3,rryy,5264.0
5265,0,GGrr,5269.0
5270,1,yyrr,5273.0
5275,2,rrGG,5278.0
5280,3,rryy,5282.0
5285,0,GGrr,5287.0
5290,1,yyrr,5291.0
5295,2,rrGG,5296.0
5300,0,GGrr,5305.0
5305,1,yyrr,5309.0
5310,2,rrGG,5314.0
5315,3,rryy,5318.0
5320,0,GGrr,5323.0
5325,1,yyrr,5327.0
5330,2,rrGG,5332.0
5335,3,rryy,5336.0
5340,0,GGrr,5341.0
5345,2,rrGG,5350.0
5350,3,rryy,5354.0
5355,0,GGrr,5359.0
5360,1,yyrr,5363.0
5365,2,rrGG,5368.0
5370,3,rryy,5372.0
5375,0,GGrr,5377.0
5380,1,yyrr,5381.0
5385,2,rrGG,5386.0
5390,0,GGrr,5395.0
5395,1,yyrr,5399.0
5400,2,rrGG,5404.0
5405,3,rryy,5408.0
5410,0,GGrr,5413.0
5415,1,yyrr,5417.0
5420,2,rrGG,5422.0
5425,3,rryy,5426.0
5430,0,GGrr,5431.0
5435,2,rrGG,5440.0
5440,3,rryy,5444.0
5445,0,GGrr,5449.0
5450,1,yyrr,5453.0
5455,2,rrGG,5458.0
5460,3,rryy,5462.0
5465,0,GGrr,5467.0
5470,1,yyrr,5471.0
5475,2,rrGG,5476.0
5480,0,GGrr,5485.0
5485,1,yyrr,5489.0
5490,2,rrGG,5494.0
5495,3,rryy,5498.0
5500,0,GGrr,5503.0
5505,1,yyrr,5507.0
5510,2,rrGG,5512.0
5515,3,rryy,5516.0
5520,0,GGrr,5521.0
5525,2,rrGG,5530.0
5530,3,rryy,5534.0
5535,0,GGrr,5539.0
5540,1,yyrr,5543.0
5545,2,rrGG,5548.0
5550,3,rryy,5552.0
5555,0,GGrr,5557.0
5560,1,yyrr,5561.0
5565,2,rrGG,5566.0
5570,0,GGrr,5575.0
5575,1,yyrr,5579.0
5580,2,rrGG,5584.0
5585,3,rryy,5588.0
5590,0,GGrr,5593.0
5595,1,yyrr,5597.0
5600,2,rrGG,5602.0
5605,3,rryy,5606.0
5610,0,GGrr,5611.0
5615,2,rrGG,5620.0
5620,3,rryy,5624.0
5625,0,GGrr,5629.0
5630,1,yyrr,5633.0
5635,2,rrGG,5638.0
5640,3,rryy,5642.0
5645,0,GGrr,5647.0
5650,1,yyrr,5651.0
5655,2,rrGG,5656.0
5660,0,GGrr,5665.0
5665,1,yyrr,5669.0
5670,2,rrGG,5674.0
5675,3,rryy,5678.0
5680,0,GGrr,5683.0
5685,1,yyrr,5687.0
5690,2,rrGG,5692.0
5695,3,rryy,5696.0
5700,0,GGrr,5701.0
5705,2,rrGG,5710.0
5710,3,rryy,5714.0
5715,0,GGrr,5719.0
5720,1,yyrr,5723.0
5725,2,rrGG,5728.0
5730,3,rryy,5732.0
5735,0,GGrr,5737.0
5740,1,yyrr,5741.0
5745,2,rrGG,5746.0
5750,0,GGrr,5755.0
5755,1,yyrr,5759.0
5760,2,rrGG,5764.0
5765,3,rryy,5768.0
5770,0,GGrr,5773.0
5775,1,yyrr,5777.0
5780,2,rrGG,5782.0
5785,3,rryy,5786.0
5790,0,GGrr,5791.0
5795,2,rrGG,5800.0
5800,3,rryy,5804.0
5805,0,GGrr,5809.0
5810,1,yyrr,5813.0
5815,2,rrGG,5818.0
5820,3,rryy,5822.0
5825,0,GGrr,5827.0
5830,1,yyrr,5831.0
5835,2,rrGG,5836.0
5840,0,GGrr,5845.0
5845,1,yyrr,5849.0
5850,2,rrGG,5854.0
5855,3,rryy,5858.0
5860,0,GGrr,5863.0
5865,1,yyrr,5867.0
5870,2,rrGG,5872.0
5875,3,rryy,5876.0
5880,0,GGrr,5881.0
5885,2,rrGG,5890.0
5890,3,rryy,5894.0
5895,0,GGrr,5899.0
5900,1,yyrr,5903.0
5905,2,rrGG,5908.0
5910,3,rryy,5912.0
5915,0,GGrr,5917.0
5920,1,yyrr,5921.0
5925,2,rrGG,5926.0
5930,0,GGrr,5935.0
5935,1,yyrr,5939.0
5940,2,rrGG,5944.0
5945,3,rryy,5948.0
5950,0,GGrr,5953.0
5955,1,yyrr,5957.0
5960,2,rrGG,5962.0
5965,3,rryy,5966.0
5970,0,GGrr,5971.0
5975,2,rrGG,5980.0
5980,3,rryy,5984.0
5985,0,GGrr,5989.0
5990,1,yyrr,5993.0
5995,2,rrGG,5998.0
6000,3,rryy,6002.0
6005,0,GGrr,6007.0
6010,1,yyrr,6011.0
6015,2,rrGG,6016.0
6020,0,GGrr,6025.0
6025,1,yyrr,6029.0
6030,2,rrGG,6034.0
6035,3,rryy,6038.0
6040,0,GGrr,6043.0
6045,1,yyrr,6047.0
6050,2,rrGG,6052.0
6055,3,rryy,6056.0
6060,0,GGrr,6061.0
6065,2,rrGG,6070.0
6070,3,rryy,6074.0
6075,0,GGrr,6079.0
6080,1,yyrr,6083.0
6085,2,rrGG,6088.0
6090,3,rryy,6092.0
6095,0,GGrr,6097.0
6100,1,yyrr,6101.0
6105,2,rrGG,6106.0
6110,0,GGrr,6115.0
6115,1,yyrr,6119.0
6120,2,rrGG,6124.0
6125,3,rryy,6128.0
6130,0,GGrr,6133.0
6135,1,yyrr,6137.0
6140,2,rrGG,6142.0
6145,3,rryy,6146.0
6150,0,GGrr,6151.0
6155,2,rrGG,6160.0
6160,3,rryy,6164.0
6165,0,GGrr,6169.0
6170,1,yyrr,6173.0
6175,2,rrGG,6178.0
6180,3,rryy,6182.0
6185,0,GGrr,6187.0
6190,1,yyrr,6191.0
6195,2,rrGG,6196.0
6200,0,GGrr,6205.0
6205,1,yyrr,6209.0
6210,2,rrGG,6214.0
6215,3,rryy,6218.0
6220,0,GGrr,6223.0
6225,1,yyrr,6227.0
6230,2,rrGG,6232.0
6235,3,rryy,6236.0
6240,0,GGrr,6241.0
6245,2,rrGG,6250.0
6250,3,rryy,6254.0
6255,0,GGrr,6259.0
6260,1,yyrr,6263.0
6265,2,rrGG,6268.0
6270,3,rryy,6272.0
6275,0,GGrr,6277.0
6280,1,yyrr,6281.0
6285,2,rrGG,6286.0
6290,0,GGrr,6295.0
6295,1,yyrr,6299.0
6300,2,rrGG,6304.0
6305,3,rryy,6308.0
6310,0,GGrr,6313.0
6315,1,yyrr,6317.0
6320,2,rrGG,6322.0
6325,3,rryy,6326.0
6330,0,GGrr,6331.0
6335,2,rrGG,6340.0
6340,3,rryy,6344.0
6345,0,GGrr,6349.0
6350,1,yyrr,6353.0
6355,2,rrGG,6358.0
6360,3,rryy,6362.0
6365,0,GGrr,6367.0
6370,1,yyrr,6371.0
6375,2,rrGG,6376.0
6380,0,GGrr,6385.0
6385,1,yyrr,6389.0
6390,2,rrGG,6394.0
6395,3,rryy,6398.0
6400,0,GGrr,6403.0
6405,1,yyrr,6407.0
6410,2,rrGG,6412.0
6415,3,rryy,6416.0
6420,0,GGrr,6421.0
6425,2,rrGG,6430.0
6430,3,rryy,6434.0
6435,0,GGrr,6439.0
6440,1,yyrr,6443.0
6445,2,rrGG,6448.0
6450,3,rryy,6452.0
6455,0,GGrr,6457.0
6460,1,yyrr,6461.0
6465,2,rrGG,6466.0
6470,0,GGrr,6475.0
6475,1,yyrr,6479.0
6480,2,rrGG,6484.0
6485,3,rryy,6488.0
6490,0,GGrr,6493.0
6495,1,yyrr,6497.0
6500,2,rrGG,6502.0
6505,3,rryy,6506.0
6510,0,GGrr,6511.0
6515,2,rrGG,6520.0
6520,3,rryy,6524.0
6525,0,GGrr,6529.0
6530,1,yyrr,6533.0
6535,2,rrGG,6538.0
6540,3,rryy,6542.0
6545,0,GGrr,6547.0
6550,1,yyrr,6551.0
6555,2,rrGG,6556.0
6560,0,GGrr,6565.0
6565,1,yyrr,6569.0
6570,2,rrGG,6574.0
6575,3,rryy,6578.0
6580,0,GGrr,6583.0
6585,1,yyrr,6587.0
6590,2,rrGG,6592.0
6595,3,rryy,6596.0
6600,0,GGrr,6601.0
6605,2,rrGG,6610.0
6610,3,rryy,6614.0
6615,0,GGrr,6619.0
6620,1,yyrr,6623.0
6625,2,rrGG,6628.0
6630,3,rryy,6632.0
6635,0,GGrr,6637.0
6640,1,yyrr,6641.0
6645,2,rrGG,6646.0
6650,0,GGrr,6655.0
6655,1,yyrr,6659.0
6660,2,rrGG,6664.0
6665,3,rryy,6668.0
6670,0,GGrr,6673.0
6675,1,yyrr,6677.0
6680,2,rrGG,6682.0
6685,3,rryy,6686.0
6690,0,GGrr,6691.0
6695,2,rrGG,6700.0
6700,3,rryy,6704.0
6705,0,GGrr,6709.0
6710,1,yyrr,6713.0
6715,2,rrGG,6718.0
6720,3,rryy,6722.0
6725,0,GGrr,6727.0
6730,1,yyrr,6731.0
6735,2,rrGG,6736.0
6740,0,GGrr,6745.0
6745,1,yyrr,6749.0
6750,2,rrGG,6754.0
6755,3,rryy,6758.0
6760,0,GGrr,6763.0
6765,1,yyrr,6767.0
6770,2,rrGG,6772.0
6775,3,rryy,6776.0
6780,0,GGrr,6781.0
6785,2,rrGG,6790.0
6790,3,rryy,6794.0
6795,0,GGrr,6799.0
6800,1,yyrr,6803.0
6805,2,rrGG,6808.0
6810,3,rryy,6812.0
6815,0,GGrr,6817.0
6820,1,yyrr,6821.0
6825,2,rrGG,6826.0
6830,0,GGrr,6835.0
6835,1,yyrr,6839.0
6840,2,rrGG,6844.0
6845,3,rryy,6848.0
6850,0,GGrr,6853.0
6855,1,yyrr,6857.0
6860,2,rrGG,6862.0
6865,3,rryy,6866.0
6870,0,GGrr,6871.0
6875,2,rrGG,6880.0
6880,3,rryy,6884.0
6885,0,GGrr,6889.0
6890,1,yyrr,6893.0
6895,2,rrGG,6898.0
6900,3,rryy,6902.0
6905,0,GGrr,6907.0
6910,1,yyrr,6911.0
6915,2,rrGG,6916.0
6920,0,GGrr,6925.0
6925,1,yyrr,6929.0
6930,2,rrGG,6934.0
6935,3,rryy,6938.0
6940,0,GGrr,6943.0
6945,1,yyrr,6947.0
6950,2,rrGG,6952.0
6955,3,rryy,6956.0
6960,0,GGrr,6961.0
6965,2,rrGG,6970.0
6970,3,rryy,6974.0
6975,0,GGrr,6979.0
6980,1,yyrr,6983.0
6985,2,rrGG,6988.0
6990,3,rryy,6992.0
6995,0,GGrr,6997.0
7000,1,yyrr,7001.0
7005,2,rrGG,7006.0
7010,0,GGrr,7015.0
7015,1,yyrr,7019.0
7020,2,rrGG,7024.0
7025,3,rryy,7028.0
7030,0,GGrr,7033.0
7035,1,yyrr,7037.0
7040,2,rrGG,7042.0
7045,3,rryy,7046.0
7050,0,GGrr,7051.0
7055,2,rrGG,7060.0
7060,3,rryy,7064.0
7065,0,GGrr,7069.0
7070,1,yyrr,7073.0
7075,2,rrGG,7078.0
7080,3,rryy,7082.0
7085,0,GGrr,7087.0
7090,1,yyrr,7091.0
7095,2,rrGG,7096.0
7100,0,GGrr,7105.0
7105,1,yyrr,7109.0
7110,2,rrGG,7114.0
7115,3,rryy,7118.0
7120,0,GGrr,7123.0
7125,1,yyrr,7127.0
7130,2,rrGG,7132.0
7135,3,rryy,7136.0
7140,0,GGrr,7141.0
7145,2,rrGG,7150.0
7150,3,rryy,7154.0
7155,0,GGrr,7159.0
7160,1,yyrr,7163.0
7165,2,rrGG,7168.0
7170,3,rryy,7172.0
7175,0,GGrr,7177.0
7180,1,yyrr,7181.0
7185,2,rrGG,7186.0
7190,0,GGrr,7195.0
7195,1,yyrr,7199.0
7200,2,rrGG,7204.0
7205,3,rryy,7208.0
7210,0,GGrr,7213.0
7215,1,yyrr,7217.0
7220,2,rrGG,7222.0
7225,3,rryy,7226.0
7230,0,GGrr,7231.0
7235,2,rrGG,7240.0
7240,3,rryy,7244.0
7245,0,GGrr,7249.0
7250,1,yyrr,7253.0
7255,2,rrGG,7258.0
7260,3,rryy,7262.0
7265,0,GGrr,7267.0
7270,1,yyrr,7271.0
7275,2,rrGG,7276.0
7280,0,GGrr,7285.0
7285,1,yyrr,7289.0
7290,2,rrGG,7294.0
7295,3,rryy,7298.0
7300,0,GGrr,7303.0
7305,1,yyrr,7307.0
7310,2,rrGG,7312.0
7315,3,rryy,7316.0
7320,0,GGrr,7321.0
7325,2,rrGG,7330.0
7330,3,rryy,7334.0
7335,0,GGrr,7339.0
7340,1,yyrr,7343.0
7345,2,rrGG,7348.0
7350,3,rryy,7352.0
7355,0,GGrr,7357.0
7360,1,yyrr,7361.0
7365,2,rrGG,7366.0
7370,0,GGrr,7375.0
7375,1,yyrr,7379.0
7380,2,rrGG,7384.0
7385,3,rryy,7388.0
7390,0,GGrr,7393.0
7395,1,yyrr,7397.0
7400,2,rrGG,7402.0
7405,3,rryy,7406.0
7410,0,GGrr,7411.0
7415,2,rrGG,7420.0
7420,3,rryy,7424.0
7425,0,GGrr,7429.0
7430,1,yyrr,7433.0
7435,2,rrGG,7438.0
7440,3,rryy,7442.0
7445,0,GGrr,7447.0
7450,1,yyrr,7451.0
7455,2,rrGG,7456.0
7460,0,GGrr,7465.0
7465,1,yyrr,7469.0
7470,2,rrGG,7474.0
7475,3,rryy,7478.0
7480,0,GGrr,7483.0
7485,1,yyrr,7487.0
7490,2,rrGG,7492.0
7495,3,rryy,7496.0
7500,0,GGrr,7501.0
7505,2,rrGG,7510.0
7510,3,rryy,7514.0
7515,0,GGrr,7519.0
7520,1,yyrr,7523.0
7525,2,rrGG,7528.0
7530,3,rryy,7532.0
7535,0,GGrr,7537.0
7540,1,yyrr,7541.0
7545,2,rrGG,7546.0
7550,0,GGrr,7555.0
7555,1,yyrr,7559.0
7560,2,rrGG,7564.0
7565,3,rryy,7568.0
7570,0,GGrr,7573.0
7575,1,yyrr,7577.0
7580,2,rrGG,7582.0
7585,3,rryy,7586.0
7590,0,GGrr,7591.0
7595,2,rrGG,7600.0
7600,3,rryy,7604.0
7605,0,GGrr,7609.0
7610,1,yyrr,7613.0
7615,2,rrGG,7618.0
7620,3,rryy,7622.0
7625,0,GGrr,7627.0
7630,1,yyrr,7631.0
7635,2,rrGG,7636.0
7640,0,GGrr,7645.0
7645,1,yyrr,7649.0
7650,2,rrGG,7654.0
7655,3,rryy,7658.0
7660,0,GGrr,7663.0
7665,1,yyrr,7667.0
7670,2,rrGG,7672.0
7675,3,rryy,7676.0
7680,0,GGrr,7681.0
7685,2,rrGG,7690.0
7690,3,rryy,7694.0
7695,0,GGrr,7699.0
7700,1,yyrr,7703.0
7705,2,rrGG,7708.0
7710,3,rryy,7712.0
7715,0,GGrr,7717.0
7720,1,yyrr,7721.0
7725,2,rrGG,7726.0
7730,0,GGrr,7735.0
7735,1,yyrr,7739.0
7740,2,rrGG,7744.0
7745,3,rryy,7748.0
7750,0,GGrr,7753.0
7755,1,yyrr,7757.0
7760,2,rrGG,7762.0
7765,3,rryy,7766.0
7770,0,GGrr,7771.0
7775,2,rrGG,7780.0
7780,3,rryy,7784.0
7785,0,GGrr,7789.0
7790,1,yyrr,7793.0
7795,2,rrGG,7798.0
7800,3,rryy,7802.0
7805,0,GGrr,7807.0
7810,1,yyrr,7811.0
7815,2,rrGG,7816.0
7820,0,GGrr,7825.0
7825,1,yyrr,7829.0
7830,2,rrGG,7834.0
7835,3,rryy,7838.0
7840,0,GGrr,7843.0
7845,1,yyrr,7847.0
7850,2,rrGG,7852.0
7855,3,rryy,7856.0
7860,0,GGrr,7861.0
7865,2,rrGG,7870.0
7870,3,rryy,7874.0
7875,0,GGrr,7879.0
7880,1,yyrr,7883.0
7885,2,rrGG,7888.0
7890,3,rryy,7892.0
7895,0,GGrr,7897.0
7900,1,yyrr,7901.0
7905,2,rrGG,7906.0
7910,0,GGrr,7915.0
7915,1,yyrr,7919.0
7920,2,rrGG,7924.0
7925,3,rryy,7928.0
7930,0,GGrr,7933.0
7935,1,yyrr,7937.0
7940,2,rrGG,7942.0
7945,3,rryy,7946.0
7950,0,GGrr,7951.0
7955,2,rrGG,7960.0
7960,3,rryy,7964.0
7965,0,GGrr,7969.0
7970,1,yyrr,7973.0
7975,2,rrGG,7978.0
7980,3,rryy,7982.0
7985,0,GGrr,7987.0
7990,1,yyrr,7991.0
7995,2,rrGG,7996.0
8000,0,GGrr,8005.0
8005,1,yyrr,8009.0
8010,2,rrGG,8014.0
8015,3,rryy,8018.0
8020,0,GGrr,8023.0
8025,1,yyrr,8027.0
8030,2,rrGG,8032.0
8035,3,rryy,8036.0
8040,0,GGrr,8041.0
8045,2,rrGG,8050.0
8050,3,rryy,8054.0
8055,0,GGrr,8059.0
8060,1,yyrr,8063.0
8065,2,rrGG,8068.0
8070,3,rryy,8072.0
8075,0,GGrr,8077.0
8080,1,yyrr,8081.0
8085,2,rrGG,8086.0
8090,0,GGrr,8095.0
8095,1,yyrr,8099.0
8100,2,rrGG,8104.0
8105,3,rryy,8108.0
8110,0,GGrr,8113.0
8115,1,yyrr,8117.0
8120,2,rrGG,8122.0
8125,3,rryy,8126.0
8130,0,GGrr,8131.0
8135,2,rrGG,8140.0
8140,3,rryy,8144.0
8145,0,GGrr,8149.0
8150,1,yyrr,8153.0
8155,2,rrGG,8158.0
8160,3,rryy,8162.0
8165,0,GGrr,8167.0
8170,1,yyrr,8171.0
8175,2,rrGG,8176.0
8180,0,GGrr,8185.0
8185,1,yyrr,8189.0
8190,2,rrGG,8194.0
8195,3,rryy,8198.0
8200,0,GGrr,8203.0
8205,1,yyrr,8207.0
8210,2,rrGG,8212.0
8215,3,rryy,8216.0
8220,0,GGrr,8221.0
8225,2,rrGG,8230.0
8230,3,rryy,8234.0
8235,0,GGrr,8239.0
8240,1,yyrr,8243.0
8245,2,rrGG,8248.0
8250,3,rryy,8252.0
8255,0,GGrr,8257.0
8260,1,yyrr,8261.0
8265,2,rrGG,8266.0
8270,0,GGrr,8275.0
8275,1,yyrr,8279.0
8280,2,rrGG,8284.0
8285,3,rryy,8288.0
8290,0,GGrr,8293.0
8295,1,yyrr,8297.0
8300,2,rrGG,8302.0
8305,3,rryy,8306.0
8310,0,GGrr,8311.0
8315,2,rrGG,8320.0
8320,3,rryy,8324.0
8325,0,GGrr,8329.0
8330,1,yyrr,8333.0
8335,2,rrGG,8338.0
8340,3,rryy,8342.0
8345,0,GGrr,8347.0
8350,1,yyrr,8351.0
8355,2,rrGG,8356.0
8360,0,GGrr,8365.0
8365,1,yyrr,8369.0
8370,2,rrGG,8374.0
8375,3,rryy,8378.0
8380,0,GGrr,8383.0
8385,1,yyrr,8387.0
8390,2,rrGG,8392.0
8395,3,rryy,8396.0
8400,0,GGrr,8401.0
8405,2,rrGG,8410.0
8410,3,rryy,8414.0
8415,0,GGrr,8419.0
8420,1,yyrr,8423.0
8425,2,rrGG,8428.0
8430,3,rryy,8432.0
8435,0,GGrr,8437.0
8440,1,yyrr,8441.0
8445,2,rrGG,8446.0
8450,0,GGrr,8455.0
8455,1,yyrr,8459.0
8460,2,rrGG,8464.0
8465,3,rryy,8468.0
8470,0,GGrr,8473.0
8475,1,yyrr,8477.0
8480,2,rrGG,8482.0
8485,3,rryy,8486.0
8490,0,GGrr,8491.0
8495,2,rrGG,8500.0
8500,3,rryy,8504.0
8505,0,GGrr,8509.0
8510,1,yyrr,8513.0
8515,2,rrGG,8518.0
8520,3,rryy,8522.0
8525,0,GGrr,8527.0
8530,1,yyrr,8531.0
8535,2,rrGG,8536.0
8540,0,GGrr,8545.0
8545,1,yyrr,8549.0
8550,2,rrGG,8554.0
8555,3,rryy,8558.0
8560,0,GGrr,8563.0
8565,1,yyrr,8567.0
8570,2,rrGG,8572.0
8575,3,rryy,8576.0
8580,0,GGrr,8581.0
8585,2,rrGG,8590.0
8590,3,rryy,8594.0
8595,0,GGrr,8599.0
8600,1,yyrr,8603.0
8605,2,rrGG,8608.0
8610,3,rryy,8612.0
8615,0,GGrr,8617.0
8620,1,yyrr,8621.0
8625,2,rrGG,8626.0
8630,0,GGrr,8635.0
8635,1,yyrr,8639.0
8640,2,rrGG,8644.0
8645,3,rryy,8648.0
8650,0,GGrr,8653.0
8655,1,yyrr,8657.0
8660,2,rrGG,8662.0
8665,3,rryy,8666.0
8670,0,GGrr,8671.0
8675,2,rrGG,8680.0
8680,3,rryy,8684.0
8685,0,GGrr,8689.0
8690,1,yyrr,8693.0
8695,2,rrGG,8698.0
8700,3,rryy,8702.0
8705,0,GGrr,8707.0
8710,1,yyrr,8711.0
8715,2,rrGG,8716.0
8720,0,GGrr,8725.0
8725,1,yyrr,8729.0
8730,2,rrGG,8734.0
8735,3,rryy,8738.0
8740,0,GGrr,8743.0
8745,1,yyrr,8747.0
8750,2,rrGG,8752.0
8755,3,rryy,8756.0
8760,0,GGrr,8761.0
8765,2,rrGG,8770.0
8770,3,rryy,8774.0
8775,0,GGrr,8779.0
8780,1,yyrr,8783.0
8785,2,rrGG,8788.0
8790,3,rryy,8792.0
8795,0,GGrr,8797.0
8800,1,yyrr,8801.0
8805,2,rrGG,8806.0
8810,0,GGrr,8815.0
8815,1,yyrr,8819.0
8820,2,rrGG,8824.0
8825,3,rryy,8828.0
8830,0,GGrr,8833.0
8835,1,yyrr,8837.0
8840,2,rrGG,8842.0
8845,3,rryy,8846.0
8850,0,GGrr,8851.0
8855,2,rrGG,8860.0
8860,3,rryy,8864.0
8865,0,GGrr,8869.0
8870,1,yyrr,8873.0
8875,2,rrGG,8878.0
8880,3,rryy,8882.0
8885,0,GGrr,8887.0
8890,1,yyrr,8891.0
8895,2,rrGG,8896.0
8900,0,GGrr,8905.0
8905,1,yyrr,8909.0
8910,2,rrGG,8914.0
8915,3,rryy,8918.0
8920,0,GGrr,8923.0
8925,1,yyrr,8927.0
8930,2,rrGG,8932.0
8935,3,rryy,8936.0
8940,0,GGrr,8941.0
8945,2,rrGG,8950.0
8950,3,rryy,8954.0
8955,0,GGrr,8959.0
8960,1,yyrr,8963.0
8965,2,rrGG,8968.0
8970,3,rryy,8972.0
8975,0,GGrr,8977.0
8980,1,yyrr,8981.0
8985,2,rrGG,8986.0
8990,0,GGrr,8995.0
8995,1,yyrr,8999.0
9000,2,rrGG,9004.0
9005,3,rryy,9008.0
9010,0,GGrr,9013.0
9015,1,yyrr,9017.0
9020,2,rrGG,9022.0
9025,3,rryy,9026.0
9030,0,GGrr,9031.0
9035,2,rrGG,9040.0
9040,3,rryy,9044.0
9045,0,GGrr,9049.0
9050,1,yyrr,9053.0
9055,2,rrGG,9058.0
9060,3,rryy,9062.0
9065,0,GGrr,9067.0
9070,1,yyrr,9071.0
9075,2,rrGG,9076.0
9080,0,GGrr,9085.0
9085,1,yyrr,9089.0
9090,2,rrGG,9094.0
9095,3,rryy,9098.0
9100,0,GGrr,9103.0
9105,1,yyrr,9107.0
9110,2,rrGG,9112.0
9115,3,rryy,9116.0
9120,0,GGrr,9121.0
9125,2,rrGG,9130.0
9130,3,rryy,9134.0
9135,0,GGrr,9139.0
9140,1,yyrr,9143.0
9145,2,rrGG,9148.0
9150,3,rryy,9152.0
9155,0,GGrr,9157.0
9160,1,yyrr,9161.0
9165,2,rrGG,9166.0
9170,0,GGrr,9175.0
9175,1,yyrr,9179.0
9180,2,rrGG,9184.0
9185,3,rryy,9188.0
9190,0,GGrr,9193.0
9195,1,yyrr,9197.0
9200,2,rrGG,9202.0
9205,3,rryy,9206.0
9210,0,GGrr,9211.0
9215,2,rrGG,9220.0
9220,3,rryy,9224.0
9225,0,GGrr,9229.0
9230,1,yyrr,9233.0
9235,2,rrGG,9238.0
9240,3,rryy,9242.0
9245,0,GGrr,9247.0
9250,1,yyrr,9251.0
9255,2,rrGG,9256.0
9260,0,GGrr,9265.0
9265,1,yyrr,9269.0
9270,2,rrGG,9274.0
9275,3,rryy,9278.0
9280,0,GGrr,9283.0
9285,1,yyrr,9287.0
9290,2,rrGG,9292.0
9295,3,rryy,9296.0
9300,0,GGrr,9301.0
9305,2,rrGG,9310.0
9310,3,rryy,9314.0
9315,0,GGrr,9319.0
9320,1,yyrr,9323.0
9325,2,rrGG,9328.0
9330,3,rryy,9332.0
9335,0,GGrr,9337.0
9340,1,yyrr,9341.0
9345,2,rrGG,9346.0
9350,0,GGrr,9355.0
9355,1,yyrr,9359.0
9360,2,rrGG,9364.0
9365,3,rryy,9368.0
9370,0,GGrr,9373.0
9375,1,yyrr,9377.0
9380,2,rrGG,9382.0
9385,3,rryy,9386.0
9390,0,GGrr,9391.0
9395,2,rrGG,9400.0
9400,3,rryy,9404.0
9405,0,GGrr,9409.0
9410,1,yyrr,9413.0
9415,2,rrGG,9418.0
9420,3,rryy,9422.0
9425,0,GGrr,9427.0
9430,1,yyrr,9431.0
9435,2,rrGG,9436.0
9440,0,GGrr,9445.0
9445,1,yyrr,9449.0
9450,2,rrGG,9454.0
9455,3,rryy,9458.0
9460,0,GGrr,9463.0
9465,1,yyrr,9467.0
9470,2,rrGG,9472.0
9475,3,rryy,9476.0
9480,0,GGrr,9481.0
9485,2,rrGG,9490.0
9490,3,rryy,9494.0
9495,0,GGrr,9499.0
9500,1,yyrr,9503.0
9505,2,rrGG,9508.0
9510,3,rryy,9512.0
9515,0,GGrr,9517.0
9520,1,yyrr,9521.0
9525,2,rrGG,9526.0
9530,0,GGrr,9535.0
9535,1,yyrr,9539.0
9540,2,rrGG,9544.0
9545,3,rryy,9548.0
9550,0,GGrr,9553.0
9555,1,yyrr,9557.0
9560,2,rrGG,9562.0
9565,3,rryy,9566.0
9570,0,GGrr,9571.0
9575,2,rrGG,9580.0
9580,3,rryy,9584.0
9585,0,GGrr,9589.0
9590,1,yyrr,9593.0
9595,2,rrGG,9598.0
9600,3,rryy,9602.0
9605,0,GGrr,9607.0
9610,1,yyrr,9611.0
9615,2,rrGG,9616.0
9620,0,GGrr,9625.0
9625,1,yyrr,9629.0
9630,2,rrGG,9634.0
9635,3,rryy,9638.0
9640,0,GGrr,9643.0
9645,1,yyrr,9647.0
9650,2,rrGG,9652.0
9655,3,rryy,9656.0
9660,0,GGrr,9661.0
9665,2,rrGG,9670.0
9670,3,rryy,9674.0
9675,0,GGrr,9679.0
9680,1,yyrr,9683.0
9685,2,rrGG,9688.0
9690,3,rryy,9692.0
9695,0,GGrr,9697.0
9700,1,yyrr,9701.0
9705,2,rrGG,9706.0
9710,0,GGrr,9715.0
9715,1,yyrr,9719.0
9720,2,rrGG,9724.0
9725,3,rryy,9728.0
9730,0,GGrr,9733.0
9735,1,yyrr,9737.0
9740,2,rrGG,9742.0
9745,3,rryy,9746.0
9750,0,GGrr,9751.0
9755,2,rrGG,9760.0
9760,3,rryy,9764.0
9765,0,GGrr,9769.0
9770,1,yyrr,9773.0
9775,2,rrGG,9778.0
9780,3,rryy,9782.0
9785,0,GGrr,9787.0
9790,1,yyrr,9791.0
9795,2,rrGG,9796.0
9800,0,GGrr,9805.0
9805,1,yyrr,9809.0
9810,2,rrGG,9814.0
9815,3,rryy,9818.0
9820,0,GGrr,9823.0
9825,1,yyrr,9827.0
9830,2,rrGG,9832.0
9835,3,rryy,9836.0
9840,0,GGrr,9841.0
9845,2,rrGG,9850.0
9850,3,rryy,9854.0
9855,0,GGrr,9859.0
9860,1,yyrr,9863.0
9865,2,rrGG,9868.0
9870,3,rryy,9872.0
9875,0,GGrr,9877.0
9880,1,yyrr,9881.0
9885,2,rrGG,9886.0
9890,0,GGrr,9895.0
9895,1,yyrr,9899.0
9900,2,rrGG,9904.0
9905,3,rryy,9908.0
9910,0,GGrr,9913.0
9915,1,yyrr,9917.0
9920,2,rrGG,9922.0
9925,3,rryy,9926.0
9930,0,GGrr,9931.0
9935,2,rrGG,9940.0
9940,3,rryy,9944.0
9945,0,GGrr,9949.0
9950,1,yyrr,9953.0
9955,2,rrGG,9958.0
9960,3,rryy,9962.0
9965,0,GGrr,9967.0
9970,1,yyrr,9971.0
9975,2,rrGG,9976.0
9980,0,GGrr,9985.0
9985,1,yyrr,9989.0
9990,2,rrGG,9994.0
9995,3,rryy,9998.0
